TIME,RPM,TPS,Velocidade,itotal
159.64,12381,76.2,0.3,-42811.59521
159.72,12403,84.3,1,-12866.30035
159.8,12390,91,2,-6426.407375
159.84,12256,94.2,2.9,-4384.072182
159.88,12167,95.7,4,-3155.371208
159.92,11979,96.7,5.3,-2344.615528
159.96,11714,97.4,6.1,-1992.059593
160,11406,98.3,7.5,-1577.607802
160.04,11133,99.3,8.9,-1297.624821
160.08,10734,99.9,10.1,-1102.47096
160.12,10067,99.8,11.2,-932.4144333
160.16,9262,99.8,12.6,-762.5374419
160.2,9539,99.8,13.4,-738.4566266
160.24,9956,99.9,14.6,-707.3900939
160.28,10224,100,15.4,-688.6952087
160.32,10374,100,16.7,-644.4017544
160.36,10490,100,17.6,-618.2864972
160.4,10529,100,18.9,-577.899426
160.44,10479,100,19.9,-546.2528371
160.48,10602,100,20.5,-536.4890725
160.52,10788,100,22.1,-506.3789055
160.56,10741,100,23,-484.4442686
160.6,10564,100,24.1,-454.7139643
160.64,10426,100,25.3,-427.4882095
160.68,10447,99.9,26.5,-408.9523069
160.72,10555,99.8,27.3,-401.0721741
160.76,10456,96.7,29,-374.0197351
160.8,10395,94.7,30.3,-355.8842815
160.84,10291,94.4,31.5,-338.9018706
160.88,10045,94.3,32.9,-316.7240081
160.92,10003,94.3,34.3,-302.5262683
160.96,10116,94.4,35.2,-298.1213635
161,10257,94.4,36,-295.5594137
161.04,10364,94.7,36.8,-292.1504283
161.08,10368,94.7,37.8,-284.5313538
161.12,10369,93.7,38.3,-280.8439303
161.16,10330,86.9,39.4,-271.9762875
161.2,10265,82.1,40.5,-262.9243882
161.24,10131,80.9,41.3,-254.4656732
161.28,10125,80.7,43.2,-243.129819
161.32,10051,80.8,44.5,-234.3021122
161.36,9829,81.1,45.4,-224.5848332
161.4,9581,81.1,46.7,-212.8241469
161.44,9415,81.3,48.3,-202.2088388
161.48,9530,80.9,49,-201.7547472
161.52,9828,80.6,50.2,-203.0899218
161.56,10043,80.7,51.2,-203.4793976
161.6,10005,80.5,51.9,-199.9754472
161.64,10103,80.7,52.9,-198.1169451
161.68,10299,81,53.9,-198.213502
161.72,10506,81.3,54,-201.8229632
161.76,10639,81.5,55.3,-199.573383
161.8,10741,81.6,56.6,-196.8589784
161.84,10871,81.7,56.5,-199.5942333
161.88,10996,81.8,57.6,-198.0337399
161.92,11141,82,57.7,-200.2973958
161.96,11293,81.8,58.8,-199.2319307
162,11417,78.9,59.6,-198.7159297
162.04,11506,34.3,59.7,-199.9295462
162.08,11374,1.4,60.8,-194.0602499
162.12,10960,2,60,-189.489978
162.16,10426,43.2,60.3,-179.3607247
162.2,10125,96.3,60.5,-173.6067468
162.24,10198,99.8,59.9,-176.6099334
162.28,10470,100,60.2,-180.416865
162.32,9943,100,60.4,-170.7683737
162.36,9164,100,62.3,-152.589263
162.4,8473,100,63.4,-138.6356395
162.44,8556,100,63.2,-140.4367076
162.48,8814,100,64.6,-141.5361799
162.52,8869,100,64.7,-142.1992533
162.56,8850,100,66.8,-137.4338617
162.6,8928,100,67.1,-138.0252693
162.64,9115,100,67.9,-139.2559756
162.68,9257,99.3,68.8,-139.5753634
162.72,9446,90.8,69.2,-141.6018047
162.76,9489,86.8,69.7,-141.2259842
162.8,9659,85.9,69.2,-144.794816
162.84,9735,85.7,70.5,-143.2431228
162.88,9873,85.9,70.2,-145.8945156
162.92,9918,85.9,72.4,-142.106021
162.96,10072,85.9,72.1,-144.9130156
163,10040,85.9,73.2,-142.2818729
163.04,9984,85.8,72.7,-142.4613656
163.08,10006,85.9,73.7,-140.8380335
163.12,10164,86.2,73.3,-143.8426328
163.16,10195,86.2,74.9,-141.1992383
163.2,10185,86.5,75.5,-139.9397273
163.24,10240,86.4,76.1,-139.5861219
163.28,10365,87.3,76.1,-141.2900541
163.32,10413,89.4,77.7,-139.0214427
163.36,10552,90.9,77,-142.1578999
163.4,10428,91.8,78,-138.686236
163.44,10555,92.1,77.8,-140.7361228
163.48,10658,92.3,79.1,-139.7739293
163.52,10667,92.4,79,-140.0690378
163.56,10764,92.6,79.9,-139.7506548
163.6,10762,92.4,79.5,-140.4277058
163.64,10860,90.4,80.7,-139.5992973
163.68,11012,78.2,80.5,-141.9048582
163.72,11043,55.1,82,-139.701208
163.76,10995,29,81.3,-140.2915875
163.8,10918,16,81.9,-138.2885204
163.84,10699,13.8,81.3,-136.5147517
163.88,10339,13.9,81.9,-130.9548463
163.92,9914,14.3,81.7,-125.8791494
163.96,10009,15.1,81.9,-126.7750321
164,10508,16.3,80.3,-135.7473813
164.04,10308,16.8,79.7,-134.1661724
164.08,10377,17.4,79.2,-135.9169364
164.12,10364,19,78,-137.8350738
164.16,10193,19.8,78.4,-134.8692378
164.2,10172,21.4,77.4,-136.3302818
164.24,10270,28.6,77.4,-137.6437273
164.28,10441,33.3,76.7,-141.2126729
164.32,10745,36.2,76.7,-145.3242189
164.36,11092,39.1,76.2,-151.0016981
164.4,10538,40,76.9,-142.1539056
164.44,10206,37.9,77.5,-136.609469
164.48,10347,31.4,77.5,-138.4967838
164.52,10439,25.7,77.5,-139.7282232
164.56,10324,14.1,78.5,-136.4285555
164.6,10187,1.7,78.2,-135.1345795
164.64,9917,0.8,79.1,-130.0561134
164.68,9483,0.7,77.8,-126.4425062
164.72,9577,0.7,78.2,-127.0426886
164.76,9777,0.9,77.8,-130.3625839
164.8,9968,1.1,77.1,-134.1160002
164.84,10076,1.5,76.6,-136.4540188
164.88,9840,2.6,76.2,-133.9575107
164.92,9783,4,75.8,-133.8843423
164.96,9789,4.6,74.6,-136.1214111
165,9614,4.7,74.6,-133.6879402
165.04,9417,5.5,73.8,-132.3680437
165.08,9450,6.1,72.5,-135.2137145
165.12,9297,6.5,72.5,-133.0245401
165.16,9081,6.8,72.2,-130.4738326
165.2,9021,7,71.6,-130.6978978
165.24,8802,7.1,69.9,-130.6264517
165.28,8682,7.2,69.2,-130.148938
165.32,8604,7.2,67.1,-133.0162877
165.36,8273,7,67.7,-126.7655652
165.4,8176,6.8,67.1,-126.3994849
165.44,7947,6.6,67.6,-121.9504645
165.48,7874,6.8,66.6,-122.644513
165.52,7790,8,65.9,-122.6249899
165.56,7645,9.7,65,-122.0087773
165.6,7585,10.5,63.6,-123.7158693
165.64,7462,10.7,63.5,-121.9013348
165.68,7269,10.8,62.1,-121.4255307
165.72,7376,10.9,61.8,-123.8110408
165.76,7212,11,60.8,-123.049281
165.8,7054,11,59.5,-122.9830987
165.84,6952,11,59.2,-121.8189911
165.88,6928,10.9,57.3,-125.4238705
165.92,6890,11,57,-125.3924269
165.96,6813,11,56.4,-125.3101433
166,6744,11.1,55,-127.1984484
166.04,6881,11.6,54.5,-130.9730669
166.08,6864,13.4,53.4,-133.3407702
166.12,7015,15.1,53.9,-135.0099734
166.16,6971,21.2,52.4,-138.0037022
166.2,7123,24.3,51.9,-142.3713254
166.24,7273,24.8,52.5,-143.7080928
166.28,7371,25,53.3,-143.4584532
166.32,7456,25.9,52.7,-146.7649077
166.36,6936,26.5,53.4,-134.7394496
166.4,6965,26.8,54,-133.7994421
166.44,7132,27.2,53.5,-138.2879995
166.48,7243,27.5,54.1,-138.8827034
166.52,7371,27.7,54.4,-140.5576389
166.56,7289,27.3,53.9,-140.2833494
166.6,7249,24.4,54.5,-137.9775849
166.64,7280,23.8,53.9,-140.1101364
166.68,7363,23.7,53.1,-143.8424995
166.72,7371,23.7,53.5,-142.9221599
166.76,7316,23.7,53.5,-141.8557213
166.8,7354,23.6,53.8,-141.7974078
166.84,7419,23.6,54.8,-140.4403018
166.88,7392,23.6,54.3,-141.2176793
166.92,7372,23.7,54.2,-141.0954411
166.96,7425,23.5,54.4,-141.5873652
167,7401,23.5,53.6,-143.2361226
167.04,7520,23.3,54.2,-143.928068
167.08,7475,22.4,53.7,-144.3988894
167.12,7347,13.3,53.3,-142.991352
167.16,7364,5.7,54,-141.4643348
167.2,7124,5,53.5,-138.1328812
167.24,6922,4.8,52.9,-135.7384434
167.28,6855,4.9,53.1,-133.9182852
167.32,6739,4.9,52.7,-132.6513832
167.36,6598,5,52.2,-131.1199424
167.4,6391,5.1,51.5,-128.7325969
167.44,6176,5.2,50.8,-126.1160955
167.48,5995,5.3,50.6,-122.9038853
167.52,6091,5.9,50.2,-125.8669835
167.56,6100,7.3,49.5,-127.8355304
167.6,5991,8.9,49.1,-126.574077
167.64,6051,11.6,48.4,-129.6906697
167.68,5961,14.2,47.8,-129.3654093
167.72,5783,17.9,47.1,-127.3676767
167.76,5755,26.4,47.2,-126.4824504
167.8,6111,35,46.5,-136.3283795
167.84,6755,41.1,45.1,-155.3730722
167.88,7009,47.7,45.4,-160.1500759
167.92,6686,50.5,46,-150.7771334
167.96,6332,51.1,45.4,-144.6811643
168,6199,51.3,45,-142.901262
168.04,6161,51.4,45.3,-141.0847095
168.08,6049,51.4,45.1,-139.1342285
168.12,6132,51.6,45.5,-139.8033864
168.16,6278,51.9,46.4,-140.3557704
168.2,6093,52,47,-134.4807931
168.24,6256,52.2,47.1,-137.7852646
168.28,6466,52.7,48.1,-139.449694
168.32,6389,53.3,48.5,-136.6526604
168.36,6447,55.8,48.2,-138.7514638
168.4,6451,56.8,48.9,-136.8501017
168.44,6423,57,49.3,-135.1505895
168.48,6715,57.4,49.2,-141.581939
168.52,6870,57.5,50.3,-141.6823311
168.56,6880,57.7,50.9,-140.2160077
168.6,7090,57.8,50.8,-144.7802974
168.64,7132,58,51.6,-143.3799995
168.68,7140,58.1,51.5,-143.8195496
168.72,7171,58.1,50.9,-146.1466557
168.76,7181,58.1,51.9,-143.5306034
168.8,7829,58.1,52.3,-155.2857292
168.84,8134,58.2,52.3,-161.3353074
168.88,7842,55.2,54.4,-149.5391404
168.92,7548,52.3,54.5,-143.6687558
168.96,7424,52,54.3,-141.8290112
169,7806,52,54.4,-148.8526562
169.04,8151,52,54.3,-155.7177089
169.08,8005,47.3,55.8,-148.8175255
169.12,7915,36.1,56.3,-145.8375857
169.16,7833,33.3,55.5,-146.407082
169.2,7774,30.8,56.4,-142.9856236
169.24,7814,27,56.7,-142.9609053
169.28,7620,26.4,56.1,-140.9026145
169.32,7501,25.8,56.3,-138.2094416
169.36,7535,25.6,55.9,-139.8293666
169.4,7492,25.7,56.9,-136.5879679
169.44,7557,25.7,57.2,-137.0504087
169.48,7650,25.5,57,-139.2238121
169.52,7624,24.7,58,-136.3583809
169.56,7640,23.3,58.7,-135.0150554
169.6,7637,19.7,58,-136.5908912
169.64,7646,19.3,58.5,-135.5830406
169.68,7728,19.1,58,-138.2184637
169.72,7723,17.7,58.8,-136.24973
169.76,7721,7.7,58.8,-136.2144459
169.8,7474,1.1,57.8,-134.1381143
169.84,7259,0.8,58.4,-128.9409575
169.88,6940,0.9,57.8,-124.5542565
169.92,6720,1,57.7,-120.8148729
169.96,6823,1.1,57.1,-123.9556151
170,6888,1.6,55.5,-128.7440292
170.04,6637,2.1,56.3,-122.2898365
170.08,6348,3.8,55.9,-117.801834
170.12,6491,6.8,54.6,-123.3235188
170.16,6241,9.4,54.1,-119.6696054
170.2,5987,10.2,52.4,-118.5236215
170.24,5943,10.3,51.8,-119.0153319
170.28,5989,10.4,51.1,-121.5795004
170.32,5756,10.4,50.4,-118.4724011
170.36,5427,10.5,49.2,-114.4251948
170.4,5603,10.5,48.2,-120.5870097
170.44,5828,10.6,46.7,-129.4582119
170.48,5676,10.9,45.3,-129.978382
170.52,5837,11.2,45.5,-133.0776853
170.56,5863,11.3,45.7,-133.0854679
170.6,5803,11.5,44.7,-134.6703501
170.64,5689,11.6,44.4,-132.9168087
170.68,5591,11.7,44.2,-131.2182268
170.72,5641,12.1,42.5,-137.6873722
170.76,5764,12.3,41.5,-144.0797071
170.8,6007,12.5,42,-148.3663058
170.84,6326,12.6,42,-156.2452556
170.88,6103,12.8,41,-154.4139224
170.92,5185,12.9,41.9,-128.3694497
170.96,4742,12.7,42.5,-115.7442863
171,4749,12.1,42,-117.2950868
171.04,5444,12.5,41.5,-136.0808337
171.08,5961,12.7,41.6,-148.6458309
171.12,6262,12.3,41.9,-155.0336536
171.16,5698,2.3,41.5,-142.4299395
171.2,5082,1.3,41.5,-127.0321082
171.24,4755,7.2,41.5,-118.8582594
171.28,4508,20.6,41.2,-113.5046445
171.32,4919,26.4,40.7,-125.3745407
171.36,5306,27.5,40.6,-135.5714227
171.4,5454,27.6,40.9,-138.3307613
171.44,5660,27.9,40.1,-146.4195272
171.48,5569,28.2,39.9,-144.7875648
171.52,5789,28.6,40.3,-149.0134415
171.56,5689,30.2,40.6,-145.3572981
171.6,5705,34,40.5,-146.1260239
171.64,5671,34.8,40.7,-144.5413743
171.68,5560,34.9,41,-140.6753086
171.72,5288,34.7,40.7,-134.7795428
171.76,5120,29.3,39.6,-134.1225237
171.8,5162,20.3,39,-137.3030975
171.84,5393,17.6,38.9,-143.8161838
171.88,5395,17.3,39.1,-143.1336128
171.92,5227,18.3,40,-135.5562201
171.96,5325,21.8,40.5,-136.3928268
172,5445,25.3,40,-141.2097989
172.04,5340,27.7,40.8,-135.7713185
172.08,5371,34.6,41.4,-134.5803808
172.12,5499,37.7,42,-135.8192634
172.16,5415,38.1,41.9,-134.0637551
172.2,5314,38.9,42.6,-129.4013754
172.24,5279,39.9,42.8,-127.9483927
172.28,5263,41.2,42.6,-128.1594729
172.32,5332,44.3,42.7,-129.5356198
172.36,5383,47.2,42.6,-131.0815965
172.4,5333,47.6,42.1,-131.4063733
172.44,5280,47.6,41.4,-132.3002068
172.48,5229,47.6,41.7,-130.0797005
172.52,5149,48.2,42.1,-126.8725701
172.56,5072,55.5,41.6,-126.4773786
172.6,5024,66.3,41.1,-126.8045247
172.64,5130,70.9,41.1,-129.4799386
172.68,5630,74.6,41.1,-142.0998157
172.72,5808,78.5,40.4,-149.1324608
172.76,5593,79.1,41.2,-140.823309
172.8,5498,79.5,41.9,-136.1186566
172.84,5405,78.9,41.9,-133.8161766
172.88,5390,68.4,41.5,-134.7310239
172.92,5488,47.8,42,-135.5475755
172.96,5507,30.5,42,-136.0168547
173,5649,12.5,41.9,-139.8570918
173.04,5679,8.8,41.7,-141.274167
173.08,5332,8.7,42.4,-130.4521454
173.12,4974,11.2,42.2,-122.2701012
173.16,4839,17.7,41.6,-120.6671994
173.2,5362,32.4,41.6,-133.7089322
173.24,6374,51.9,41.7,-158.5633986
173.28,6998,66.8,42.3,-171.6170816
173.32,6475,72.7,42.8,-156.9361324
173.36,6365,73.1,43.5,-151.7875296
173.4,6417,72.1,44.6,-149.2533619
173.44,6412,68.2,44.6,-149.1370666
173.48,6635,59.2,45.1,-152.6129288
173.52,6722,41.4,46.3,-150.6067576
173.56,6527,15.2,46.6,-145.2963276
173.6,6317,1.5,46.5,-140.9239688
173.64,6111,0.6,46.8,-135.4544796
173.68,6066,0.5,46.6,-135.0340928
173.72,5887,0.9,45.7,-133.6302489
173.76,5641,1.9,45.9,-127.4883076
173.8,5295,2.5,46,-119.4084537
173.84,5370,9.1,45.3,-122.9710908
173.88,5976,32.1,44.5,-139.308469
173.92,6223,56.2,45,-143.4545174
173.96,7013,76.2,44.8,-162.3875638
174,6883,81.7,44.7,-159.7339341
174.04,6480,82.4,45.9,-146.4499615
174.08,6414,81.7,46.4,-143.3962905
174.12,6455,70.7,46,-145.5678128
174.16,6547,47.3,46.7,-145.4294635
174.2,6545,27.9,47.3,-143.5408295
174.24,6502,26.6,48.5,-139.069588
174.28,6487,26.6,48.8,-137.8957933
174.32,6495,34.4,49.4,-136.3889381
174.36,6599,53.4,49.9,-137.1843356
174.4,6803,73,50,-141.1423708
174.44,6904,89.1,50.9,-140.7051333
174.48,6853,94.9,52,-136.7112738
174.52,7025,95.8,51.6,-141.2288974
174.56,7093,95,52.9,-139.0917046
174.6,7213,93,53.7,-139.3376842
174.64,7369,92.7,53.7,-142.3512262
174.68,7392,93.3,54.7,-140.1850089
174.72,7449,93.8,55.3,-139.7332578
174.76,7624,98.2,54.9,-144.0580344
174.8,7809,99.9,56,-144.6552957
174.84,7788,100,56,-144.266288
174.88,7680,100,57.1,-139.5250071
174.92,7674,100,57.7,-137.9662701
174.96,7937,100,57.1,-144.194008
175,8006,100,58.7,-141.4830541
175.04,8015,100,59.4,-139.9729202
175.08,8218,100,59.8,-142.5580987
175.12,8232,100,61,-139.9917583
175.16,8363,100,61,-142.2195183
175.2,8470,100,62.3,-141.033507
175.24,8513,100,62.8,-140.6209188
175.28,8684,100,63.5,-141.8642711
175.32,8742,99.9,64.8,-139.9467244
175.36,8931,100,64.4,-143.8603669
175.4,8899,100,65.9,-140.0821291
175.44,8925,100,66.2,-139.8547357
175.48,9128,100,66.8,-141.7509932
175.52,9211,100,67.3,-141.9772172
175.56,9325,100,68.3,-141.6299424
175.6,9388,100,69.4,-140.3267775
175.64,9469,100,69.4,-141.537522
175.68,9494,100,70.6,-139.49912
175.72,9647,100,70.3,-142.3521055
175.76,9716,100,72.2,-139.5973745
175.8,9805,100,72,-141.2674296
175.84,9835,100,73,-139.7585692
175.88,9976,100,72.6,-142.5432844
175.92,10011,100,74.5,-139.3952998
175.96,10166,100,73.9,-142.7028375
176,10137,100,75.7,-138.9122381
176.04,10235,100,74.8,-141.9427421
176.08,10301,100,76.7,-139.3191977
176.12,10436,100,76,-142.4450689
176.16,10462,99.9,77.7,-139.6756299
176.2,10552,98.8,77.6,-141.0587409
176.24,10534,74.6,79.1,-138.1477361
176.28,10587,21,78.4,-140.0824704
176.32,10382,0.8,80.2,-134.2868844
176.36,10030,0.1,79.3,-131.2062996
176.4,9619,0.1,79.5,-125.513297
176.44,9737,0.4,79.2,-127.5342786
176.48,10211,5.2,78.3,-135.2799568
176.52,10089,13.9,76.8,-136.2742635
176.56,9655,31.1,77.2,-129.7364229
176.6,9456,49.6,76.7,-127.8907226
176.64,10102,69.8,76.8,-136.4498573
176.68,10520,83.6,76.8,-142.095872
176.72,9854,93.6,77.1,-132.5821696
176.76,8986,95.1,78.4,-118.8987512
176.8,8439,95.5,78.9,-110.9534793
176.84,8590,95.8,79.5,-112.0864145
176.88,8641,96.1,79.4,-112.8938917
176.92,8662,95.9,80.9,-111.0699559
176.96,8782,95.8,81,-112.4696531
177,8764,93.9,81.5,-111.5505464
177.04,8858,89.7,81.3,-113.024364
177.08,8862,79,82.6,-111.2957653
177.12,8962,76,82.3,-112.9619149
177.16,8973,75.7,83.8,-111.0760918
177.2,9011,75.6,84.2,-111.0165789
177.24,9117,75.7,84.1,-112.4560696
177.28,9117,75.4,84.8,-111.5277766
177.32,9209,69.4,84.9,-112.5205184
177.36,9235,42.1,85.6,-111.9154581
177.4,9178,12.6,85.7,-111.094913
177.44,9088,1.5,86.4,-109.1142615
177.48,8909,0.8,85.3,-108.3444999
177.52,8711,0.8,85.9,-105.1966213
177.56,8441,0.8,85.2,-102.7735237
177.6,8762,0.8,84.8,-107.1850804
177.64,8973,0.9,83.8,-111.0760918
177.68,8686,0.5,83.1,-108.4290725
177.72,8643,0.4,81.7,-109.7411225
177.76,8545,0.3,81.2,-109.1648895
177.8,8258,0.4,80.3,-106.6808027
177.84,8289,0.5,79.4,-108.2950432
177.88,8304,0.6,78.8,-109.3170906
177.92,8106,0.6,76.7,-109.6322121
177.96,7968,0.7,77.3,-106.9293121
178,7977,0.7,75.6,-109.4573018
178.04,7907,0.8,75.1,-109.2191377
178.08,7766,0.7,73.4,-109.7559992
178.12,7627,0.9,72.5,-109.1296297
178.16,7534,0.7,72.2,-108.2468731
178.2,7432,0.8,71,-108.5861147
178.24,7340,0.8,70.9,-107.3931958
178.28,7335,0.8,69.1,-110.1156413
178.32,7175,0.9,69.4,-107.2480431
178.36,6936,0.9,67.7,-106.278975
178.4,6749,0.9,67.9,-103.1090049
178.44,6705,1.1,66.8,-104.1236207
178.48,6680,1.3,66,-104.9927881
178.52,6833,3.2,64.9,-109.2178607
178.56,6738,4.9,64.6,-108.199544
178.6,6770,6.1,64,-109.7325916
178.64,6754,6.5,64.5,-108.6246233
178.68,6681,7,64.1,-108.1210822
178.72,6719,9.9,63.6,-109.5908933
178.76,6661,13.2,63.8,-108.3042992
178.8,6591,15.1,62.8,-108.8726038
178.84,6636,18.3,62.9,-109.4416604
178.88,6538,21.2,62.2,-109.0389029
178.92,6619,24.7,62.5,-109.8599268
178.96,6774,26.5,62,-113.3392787
179,7004,26.9,61.4,-118.332682
179.04,6847,27.8,61.6,-115.3045798
179.08,6433,28.3,61.5,-108.5089041
179.12,6639,29,61.6,-111.8018264
179.16,6594,29.6,62,-110.3276061
179.2,6599,30.1,61.9,-110.5896341
179.24,6602,31.1,62.1,-110.2835815
179.28,6624,32.3,62,-110.8295515
179.32,6630,32.9,62.4,-110.2188513
179.36,6646,36.7,62.3,-110.6621827
179.4,6731,45.1,62.4,-111.8979016
179.44,6732,50,63.4,-110.1493126
179.48,6781,57.9,62.4,-112.7291147
179.52,6804,69,63.6,-110.977294
179.56,6850,74.4,63.5,-111.9035303
179.6,6898,77.7,64.6,-110.7688415
179.64,6966,81.5,65.3,-110.6616727
179.68,7027,84.2,65.2,-111.8019297
179.72,7030,85.4,66.1,-110.3267455
179.76,7165,86.7,65.3,-113.8229809
179.8,7924,85.3,66.4,-123.7950641
179.84,9211,56.9,65.6,-145.6565049
179.88,10120,11.7,66.2,-158.5803838
179.92,10619,2.9,65.9,-167.1572231
179.96,10507,20,66.1,-164.8937574
180,10181,32.2,65.6,-160.9954268
180.04,10101,39.4,64.7,-161.9522672
180.08,10171,53.8,65.2,-161.8240254
180.12,9353,60.8,65.8,-147.4524464
180.16,8830,61.4,67,-136.7139535
180.2,8941,60.4,66.9,-138.6394793
180.24,9157,60.3,67.4,-140.9354541
180.28,9105,60.5,68.4,-138.0863627
180.32,9216,60.5,68.3,-139.9744288
180.36,9267,60.4,69.4,-138.5181345
180.4,9320,55.2,69,-140.1179463
180.44,9368,35,70,-138.8275897
180.48,9320,9.9,69.9,-138.3138526
180.52,9213,1.4,70.7,-135.1788038
180.56,8982,1,70.3,-132.5392984
180.6,8748,0.9,70.5,-128.7201683
180.64,8407,0.9,69.5,-125.4825063
180.68,8808,1.2,69,-132.4204797
180.72,9113,1.7,67.9,-139.2254203
180.76,8933,1.9,67.3,-137.6921595
180.8,8806,2,67.4,-135.5332106
180.84,8811,2,66.6,-137.2391165
180.88,8745,2,66.4,-136.6213826
180.92,8609,2,65.5,-136.3447279
180.96,8612,2.2,65.4,-136.6007911
181,8525,2.2,64.1,-137.9632129
181.04,8427,2.3,64,-136.5903323
181.08,8349,2.5,63.9,-135.5378351
181.12,8270,2.6,62.8,-136.6069539
181.16,8242,2.7,62.5,-136.7979327
181.2,8155,2.8,61.5,-137.5548131
181.24,8080,3,61.2,-136.9578344
181.28,8031,3.2,60.9,-136.797851
181.32,7953,3.3,59.9,-137.73081
181.36,7892,3.6,60.4,-135.5429956
181.4,7797,3.9,59.3,-136.3954184
181.44,7728,4,59.1,-135.6458696
181.48,7655,4.1,58.9,-134.820782
181.52,7550,4.9,57.9,-135.2680812
181.56,7474,5.6,58.2,-133.2162028
181.6,7464,6,56.9,-136.077495
181.64,7315,6.1,56.7,-133.8314592
181.68,7215,6.7,56.8,-131.7695131
181.72,7271,7.3,55.4,-136.1480174
181.76,7139,8.3,55.3,-133.9180733
181.8,7088,8.5,55,-133.6866255
181.84,7028,8.6,53.8,-135.5115831
181.88,6938,9,54.1,-133.0344051
181.92,6970,9.7,53.4,-135.3999371
181.96,6852,10.1,53,-134.1122431
182,6856,10.6,53.4,-133.1853614
182.04,6763,10.9,52,-134.9158536
182.08,6747,11.1,51.9,-134.8560062
182.12,6641,11.2,52.3,-131.7221264
182.16,6573,11.4,51.5,-132.3985854
182.2,6646,11.4,50.8,-135.713661
182.24,6508,11.6,51.2,-131.8574051
182.28,6471,11.7,50.2,-133.7194631
182.32,6535,11.7,49.9,-135.8538617
182.36,6427,11.8,50.4,-132.2832039
182.4,6366,12.1,49.1,-134.4968409
182.44,6377,12.1,48.9,-135.2802819
182.48,6357,12.2,49.3,-133.7618399
182.52,6283,12.3,48.2,-135.221878
182.56,6277,12.5,48.1,-135.3736049
182.6,6305,12.6,48.5,-134.8560062
182.64,6253,13,48,-135.1369563
182.68,6270,13.4,47.8,-136.0713162
182.72,6295,14.7,47.9,-136.328659
182.76,6375,18.9,47.1,-140.4061799
182.8,6329,21.6,46.4,-141.4959654
182.84,6344,22.2,46.7,-140.920195
182.88,6431,25.1,46.9,-142.2435585
182.92,6512,30.8,45.9,-147.1731712
182.96,6472,33.2,46.3,-145.0054947
183,6406,33.4,47.1,-141.0889394
183.04,6441,29.3,46.6,-143.3818977
183.08,6485,12.2,46.8,-143.7444445
183.12,6406,1.8,47.9,-138.7325479
183.16,6250,0.8,47.4,-136.7818953
183.2,6154,2.1,47,-135.8271461
183.24,6061,5.8,47.5,-132.3663569
183.28,5913,8.5,47.1,-130.2308615
183.32,5680,11.4,46.8,-125.9010709
183.36,5409,12.2,46.9,-119.6385333
183.4,5368,17.2,46.6,-119.4960452
183.44,6116,30,45.1,-140.6753086
183.48,6652,36.3,45.4,-151.9929098
183.52,6903,39.9,45.7,-156.6926462
183.56,6754,41.7,45.7,-153.3104639
183.6,6793,42.3,46,-153.1901088
183.64,6958,42.8,46.7,-154.5590663
183.68,6697,42.8,46,-151.0251963
183.72,6213,42.9,45.8,-140.7222652
183.76,6324,42.4,46,-142.6136093
183.8,6620,37.6,45.7,-150.2687698
183.84,7090,33.3,46.2,-159.1956517
183.88,7228,32.9,46.7,-160.5566156
183.92,6409,20.4,47.4,-140.2616268
183.96,6010,2.3,46.7,-133.5010044
184,6099,1.3,46.5,-136.0606753
184.04,6189,5.3,47.1,-136.3096232
184.08,6376,12.7,47.6,-138.9531183
184.12,6439,14.9,47.7,-140.031902
184.16,6251,17.6,47.9,-135.375766
184.2,6265,22.4,46.9,-138.5719008
184.24,6360,33.9,46.8,-140.9737343
184.28,6607,50.5,47.6,-143.9873357
184.32,6641,58.2,47.6,-144.7283028
184.36,6521,61.5,48.1,-140.6358575
184.4,6609,65,48.8,-140.489178
184.44,6810,66.1,48.1,-146.8686075
184.48,6859,66.5,48.6,-146.4035054
184.52,7013,67.2,49.6,-146.6726383
184.56,7078,68.2,50.1,-146.5547078
184.6,7099,67.3,50.4,-146.1145892
184.64,7157,50.3,51.2,-145.0066762
184.68,7170,26.4,51.6,-144.1439423
184.72,7069,16.9,51.7,-141.8385818
184.76,6957,16.2,52.3,-137.9898861
184.8,7004,16.2,51.3,-141.6301496
184.84,6932,16.3,51.5,-139.6298484
184.88,7040,16.5,52.5,-139.1042174
184.92,7049,16.5,52.2,-140.0825211
184.96,6960,14.2,52.3,-138.0493901
185,6986,10.3,52.9,-136.9934651
185.04,6980,9.5,52,-139.2448112
185.08,6912,5.9,51.9,-138.1539522
185.12,6781,0.9,52.2,-134.7566428
185.16,6538,0.6,51,-132.9847012
185.2,6389,0.5,50.6,-130.9813049
185.24,6093,0.6,50.5,-125.1603421
185.28,5866,0.5,49.2,-123.681259
185.32,6072,0.6,48.3,-130.4102038
185.36,6190,0.6,48,-133.7754293
185.4,6073,0.6,46.1,-136.6561865
185.44,5944,0.6,45.7,-134.9241039
185.48,5917,0.6,45.1,-136.0980708
185.52,5834,0.7,43.8,-138.1717493
185.56,5672,0.6,43.6,-134.9511763
185.6,5585,0.7,42.8,-135.3649883
185.64,5558,0.7,42.2,-136.6258991
185.68,5434,0.7,40.9,-137.8234978
185.72,5307,0.6,40.8,-134.9322823
185.76,5320,0.7,40.2,-137.2816596
185.8,5223,0.6,39.5,-137.1670732
185.84,4965,0.7,38.5,-133.778236
185.88,4679,0.6,38.4,-126.4004914
185.92,4451,0.9,37.8,-122.1497932
185.96,4136,8.2,37.6,-114.1089284
186,3927,12.4,36.8,-110.6980637
186.04,3989,15.4,36.2,-114.3095217
186.08,4073,16.4,36.1,-117.039956
186.12,4330,16.7,36,-124.7706212
186.16,4561,17.9,35,-135.1820318
186.2,5195,25.3,34.4,-156.6585314
186.24,5973,28.8,33.9,-182.7762481
186.28,6979,30.6,33.6,-215.4670484
186.32,7260,31,32.3,-233.1637546
186.36,7012,30.9,31.7,-229.4613724
186.4,6419,17.9,32.8,-203.0114222
186.44,6123,1.4,34.1,-186.2673869
186.48,5964,0.6,34.2,-180.8999598
186.52,5805,0.6,34.1,-176.5935295
186.56,5562,0.8,34.5,-167.2394887
186.6,5310,0.7,34.5,-159.662295
186.64,5325,0.8,33.6,-164.4020681
186.68,5627,1,32.2,-181.2792038
186.72,5623,1.1,31.9,-182.8539482
186.76,5500,1.6,31.8,-179.416554
186.8,5408,4.7,31.4,-178.6627344
186.84,5341,7,30.6,-181.0623251
186.88,5257,7.7,29.9,-182.3869372
186.92,5163,7.8,30,-178.5286052
186.96,5086,7.9,29.7,-177.6424884
187,4906,8,29.4,-173.1040206
187.04,4781,8.3,28.9,-171.612075
187.08,4821,8.3,27.8,-179.8950764
187.12,5134,8.4,27.2,-195.8005475
187.16,5280,8.6,26.8,-204.3742001
187.2,5318,8.6,26.1,-211.3658241
187.24,5394,8.7,25.3,-221.1654903
187.28,5210,9.4,25.2,-214.4688011
187.32,4755,10,26.1,-188.9891865
187.36,4331,11.1,26.6,-168.9014931
187.4,4265,11.6,27,-163.8634948
187.44,4347,12,26.9,-167.6348468
187.48,4500,12.5,27.1,-172.2543367
187.52,4758,12.6,27.3,-180.7959644
187.56,4961,12.7,27.6,-186.460604
187.6,5318,12.7,27.9,-197.7293193
187.64,5576,13.1,27.5,-210.3376478
187.68,5437,14.1,27.7,-203.6134701
187.72,5415,17.6,28,-200.6168335
187.76,5375,18.6,28.1,-198.4262342
187.8,5424,18.9,28.4,-198.1199832
187.84,5418,20.8,28.7,-195.8321742
187.88,5511,23.9,28.6,-199.8901158
187.92,5614,24.8,28.8,-202.2119709
187.96,5807,25,29.3,-205.5943366
188,5953,25.2,29.6,-208.6272883
188.04,6050,25.2,30.1,-208.5046864
188.08,6014,23.8,30.1,-207.2639973
188.12,5955,14.6,30.5,-202.5390964
188.16,5898,7.6,30.9,-198.0036656
188.2,5600,5.7,31.4,-185.0057901
188.24,5299,5,31.2,-176.1839194
188.28,5037,4.9,30.6,-170.7565871
188.32,4864,4.9,31,-162.7641723
188.36,5073,5,31.8,-165.4873052
188.4,5643,5.6,31.2,-187.6214111
188.44,5682,5.9,31.1,-189.5255571
188.48,5455,6,31.2,-181.3706889
188.52,5193,6.4,31.2,-172.659576
188.56,5090,9,31.2,-169.2349783
188.6,5171,12.4,30.9,-173.5973135
188.64,5378,15.7,30.7,-181.7227766
188.68,5683,20.2,30.4,-193.9237559
188.72,6200,27.8,30.5,-210.8719392
188.76,6347,34.7,30.6,-215.1661819
188.8,6517,39,31.4,-215.3004882
188.84,6590,44,31.8,-214.9736529
188.88,6511,47.4,32.3,-209.108706
188.92,6568,48.6,33.1,-205.841099
188.96,6897,48.9,33.4,-214.2104733
189,7206,49,33.7,-221.8151977
189.04,7278,48.1,33.7,-224.0315027
189.08,7346,37,33.9,-224.7906108
189.12,7353,33.1,34.6,-220.4526932
189.16,7311,32.7,35,-216.6884092
189.2,7283,32.9,35.1,-215.2435445
189.24,7219,33.6,35.1,-213.352073
189.28,7061,34.3,36.2,-202.3413217
189.32,6947,37.5,36.8,-195.8287365
189.36,6783,45.4,36.6,-192.2505865
189.4,6682,56.8,36.8,-188.3586609
189.44,6790,75.5,37.3,-188.8373443
189.48,7143,92.3,37.7,-196.5469195
189.52,8066,99.7,37.1,-225.5335987
189.56,8263,100,38.1,-224.9778275
189.6,8287,100,39.6,-217.0846394
189.64,8298,100,40.9,-210.4636336
189.68,8360,100,41.3,-209.9825316
189.72,8725,100,42.2,-214.4766049
189.76,8925,100,43.3,-213.8194805
189.8,9372,100,44.3,-219.4600609
189.84,9429,100,44.8,-218.3305774
189.88,9721,100,45.8,-220.1772316
189.92,9547,100,47.2,-209.8224074
189.96,9533,100,47.8,-206.8848258
190,9670,100,48.9,-205.1372629
190.04,9821,99.9,50.3,-202.5418011
190.08,9966,100,51.1,-202.3144601
190.12,10217,99.9,51.6,-205.4000918
190.16,10266,100,53,-200.933492
190.2,10366,100,53.3,-201.7487893
190.24,10636,100,53.9,-204.6993696
190.28,10736,100,55.3,-201.392973
190.32,10885,100,55.5,-203.4522007
190.36,10997,100,56.7,-201.1954281
190.4,11072,100,57.4,-200.0972529
190.44,11314,99.9,57.8,-203.0557432
190.48,11523,99,58.8,-203.2896075
190.52,12149,76.8,58.8,-214.3335453
190.56,12389,24.8,58.8,-218.5676428
190.6,12156,21.4,59.2,-213.0080057
190.64,12150,73.7,58.5,-215.4504242
190.68,12403,99,58.9,-218.4431299
190.72,11491,99.9,59.1,-201.696
190.76,10611,100,60.2,-182.8465477
190.8,9745,100,61.6,-164.1073652
190.84,8746,100,62.1,-146.0981829
190.88,8618,100,64,-139.6861853
190.92,8918,100,64.4,-143.6509632
190.96,8941,100,65.3,-142.0364651
191,8909,100,66.6,-138.7655532
191.04,9070,100,66.4,-141.6987925
191.08,9163,100,67.7,-140.4028616
191.12,9339,100,67.8,-142.8886138
191.16,9375,100,69.2,-140.5374676
191.2,9472,100,69.8,-140.7710041
191.24,9567,100,71.1,-139.5831886
191.28,9658,100,70.8,-141.5079648
191.32,9704,100,72.2,-139.4249611
191.36,9957,100,72.4,-142.6648166
191.4,9973,100,73.7,-140.3735466
191.44,9970,100,73.9,-139.9515335
191.48,10104,100,74.7,-140.3135709
191.52,10183,100,75.1,-140.6574528
191.56,10273,100,76.4,-139.4860806
191.6,10378,99.9,76.5,-140.7275649
191.64,10365,99.5,77.5,-138.7377176
191.68,10477,88.5,77.6,-140.0561437
191.72,10823,33.3,78.7,-142.6592274
191.76,11337,2.7,77.8,-151.1629961
191.8,11116,24.3,78.3,-147.269807
191.84,10953,90.7,77.2,-147.177943
191.88,11582,99.5,78.3,-153.4435862
191.92,11745,99.9,78,-156.2015575
191.96,10548,100,79.5,-137.6353318
192,9650,100,79.1,-126.5545522
192.04,8666,99.9,81,-110.9840598
192.08,8724,100,80,-113.1234422
192.12,8874,100,81.9,-112.3990044
192.16,8814,100,82.2,-111.2315964
192.2,8948,100,83.1,-111.6996708
192.24,8989,99.9,83,-112.3466766
192.28,9056,99.7,83.7,-112.2374775
192.32,9119,97.2,84.5,-111.9482859
192.36,9138,94.8,84.2,-112.5812338
192.4,9182,94.4,85.4,-111.5337641
192.44,9247,91.7,84.6,-113.3854782
192.48,9268,90.3,86.7,-110.8903794
192.52,9347,90.1,85.9,-112.8771461
192.56,9377,85.7,86.8,-112.0652934
192.6,9426,70.1,87.7,-111.4948439
192.64,9461,59.8,87.6,-112.036589
192.68,9438,46.8,88.6,-110.5027771
192.72,9495,33.6,88.1,-111.8010809
192.76,9437,22,88.7,-110.3665017
192.8,9397,11.5,87.7,-111.1518192
192.84,9322,6.9,88.4,-109.3915498
192.88,9140,6.5,88.4,-107.2558212
192.92,8925,6.6,87.2,-106.1741228
192.96,8620,6.7,87.5,-102.1941779
193,8819,7.1,86,-106.3770232
193.04,8899,10.6,85.6,-107.8436017
193.08,8729,12.2,84,-107.7983588
193.12,8542,12.6,82.3,-107.6680069
193.16,8179,12.8,81.8,-103.7227078
193.2,7793,13,80.4,-100.5484938
193.24,7526,13.1,79.9,-97.71120661
193.28,7255,13.2,78.3,-96.11752877
193.32,7075,13.2,78.1,-93.97283997
193.36,7061,13.2,76.4,-95.87376763
193.4,7012,13.2,76.4,-95.20844903
193.44,7017,13.4,74.8,-97.31433524
193.48,7064,18.1,75,-97.70490545
193.52,7266,33.6,73.3,-102.8296507
193.56,7830,43.2,73.2,-110.9628551
193.6,8682,47.4,72,-125.0875904
193.64,9738,49.7,71.3,-141.6795543
193.68,10552,49.3,70,-156.3736899
193.72,10780,46.1,69.7,-160.4401001
193.76,10011,39.6,69.5,-149.4237386
193.8,9120,18.9,70.3,-134.5756403
193.84,9134,1.5,70,-135.3598639
193.88,9001,0.5,69.7,-133.9630187
193.92,8814,0.6,69.1,-132.3189179
193.96,8424,1,67.5,-129.461766
194,8040,1.1,67.3,-123.9275677
194.04,8139,1.2,65.8,-128.3134247
194.08,7949,1.1,65.1,-126.6655316
194.12,7986,1.5,63.6,-130.2564182
194.16,7978,3.7,61.9,-133.6996667
194.2,7930,7.3,60.8,-135.2996115
194.24,7757,8.3,60,-134.1125693
194.28,7584,8.6,59,-133.3439311
194.32,7552,9.8,58.3,-134.3755851
194.36,7606,10.3,57.6,-136.981141
194.4,7532,10.5,57.1,-136.836244
194.44,7483,11.7,57,-136.1845472
194.48,7453,13.7,56,-138.0606888
194.52,7406,15.9,56.2,-136.7018317
194.56,7418,25.2,56.5,-136.1963042
194.6,7558,38.2,55.4,-141.5220349
194.64,8070,48.8,56,-149.4901058
194.68,8674,68.9,55.7,-161.5441235
194.72,8089,77.2,56.4,-148.7793555
194.76,7943,78.1,58,-142.0638273
194.8,7916,77.1,57.4,-143.0608611
194.84,8135,62.4,58.6,-144.0080875
194.88,8209,31.2,59.5,-143.1199684
194.92,7945,6.8,60.9,-135.3329506
194.96,7938,3.4,60.9,-135.2137145
195,7899,0.7,61.2,-133.8898433
195.04,7784,0.6,61.4,-131.5107934
195.08,7618,2.5,60.3,-131.0540956
195.12,7344,3.3,61.2,-124.4824673
195.16,7412,3.5,60.8,-126.4616293
195.2,7871,3.6,59.9,-136.3107262
195.24,7708,3.7,60.6,-131.9459376
195.28,7638,3.8,59.4,-133.3890411
195.32,7702,3.8,59.8,-133.6070183
195.36,7585,3.7,59.2,-132.9109677
195.4,7490,4,59.2,-131.2462951
195.44,7434,6.1,59,-130.7065907
195.48,7386,12.3,57.6,-133.0190254
195.52,7348,17.3,57.5,-132.5648072
195.56,7403,30.3,56.9,-134.9653933
195.6,7624,41.9,57,-138.7506331
195.64,8198,45.6,57.4,-148.1572687
195.68,8492,55.5,56.5,-155.9152083
195.72,7991,60.4,58.2,-142.431185
195.76,7858,60.8,58.7,-138.8675792
195.8,8112,60.2,57.6,-146.0940068
195.84,8112,56.4,59.3,-141.9058143
195.88,8272,35.2,59.5,-144.2183431
195.92,8024,3,60.3,-138.0386011
195.96,7819,0.6,60.8,-133.4057582
196,7730,0.5,59.4,-134.9957172
196.04,7626,0.6,60.1,-131.6282995
196.08,7394,0.8,59,-130.0032999
196.12,7125,0.8,58.5,-126.3443846
196.16,6983,0.8,57.8,-125.3259904
196.2,7247,0.9,55.9,-134.48486
196.24,7101,0.9,55.6,-132.4865108
196.28,7122,0.9,55.1,-134.0841095
196.32,7022,0.9,53.4,-136.4100945
196.36,6693,0.9,53.4,-130.0189066
196.4,6385,0.9,52.5,-126.1619927
196.44,6041,1.1,51.6,-121.4467999
196.48,5722,1.9,51.7,-114.8111989
196.52,5155,2.7,50.7,-105.4745429
196.56,4625,3.2,49.8,-96.34059761
196.6,4287,4.1,49.6,-89.66000291
196.64,3888,4.4,48.8,-82.64819551
196.68,3473,4.7,48,-75.05687655
196.72,3334,5.1,47.9,-72.2032961
196.76,3251,5.3,47.6,-70.84952752
196.8,3110,7.9,46.4,-69.52953903
196.84,3033,11.4,46.2,-68.10160955
196.88,3107,16.4,45.8,-70.37245741
196.92,3356,23.8,44.6,-78.05739168
196.96,3557,26.4,44.3,-83.2927269
197,3796,30.6,44.6,-88.29137629
197.04,4356,38.9,43.6,-103.6402193
197.08,4971,39.1,42.6,-121.048972
197.12,5788,22.5,41.8,-143.6412521
197.16,6479,2.7,41.4,-162.3433788
197.2,6123,0.7,42.3,-150.1588155
197.24,5084,0.6,43,-122.6490046
197.28,4704,0.7,42.7,-114.2789864
197.32,4750,0.9,42.7,-115.3965105
197.36,5313,1.2,42,-131.2252676
197.4,5266,1.4,42.2,-129.4480002
197.44,5308,1.5,42.4,-129.8649639
197.48,5462,1.6,42.2,-134.2660419
197.52,5312,1.6,42.1,-130.8889284
197.56,5132,1.8,41.7,-127.6666711
197.6,5135,4.6,42.1,-126.5276068
197.64,5039,8,42.1,-124.1621443
197.68,4853,12.1,41.3,-121.895362
197.72,4909,16.1,40.8,-124.8129967
197.76,5159,19.9,40.4,-132.4680381
197.8,5525,24,40.3,-142.2178726
197.84,5939,25.5,40,-154.0211194
197.88,5701,25.9,40.4,-146.3850136
197.92,5218,26,40.6,-133.3229709
197.96,5357,25.9,40.2,-138.2364381
198,5342,26,39.3,-141.0062214
198.04,5134,25.8,39.6,-134.489265
198.08,5098,21.9,39.5,-133.8843077
198.12,5299,9.7,39.1,-140.5866569
198.16,5172,6.4,39,-137.5690857
198.2,5071,6,39.9,-131.8401403
198.24,5114,6.1,40.1,-132.294958
198.28,5228,6.3,39.7,-136.6067043
198.32,5321,6.7,39.1,-141.1703343
198.36,5350,6.9,39.5,-140.5023629
198.4,5072,7,39.5,-133.2014924
198.44,4960,7.7,39.2,-131.2570233
198.48,4857,8.2,38.8,-129.8563883
198.52,4699,9.5,38.7,-125.9567429
198.56,4479,10,38.9,-119.4423674
198.6,4771,10.2,39,-126.9029597
198.64,5349,9.9,37.9,-146.4064902
198.68,5671,2.7,37.7,-156.0433404
198.72,5312,1.3,38,-145.0111549
198.76,4658,1.2,38.3,-126.1617347
198.8,4401,1.5,37.2,-122.7256583
198.84,4102,2,36.9,-115.3177689
198.88,3969,2.2,37.1,-110.977294
198.92,4340,2.3,36.9,-122.008561
198.96,4295,2.3,36,-123.7620827
199,4213,2.3,35.3,-123.806571
199.04,4205,2.4,34.7,-125.7081592
199.08,4117,2.4,34.7,-123.0774058
199.12,4034,2.6,34.2,-122.3592283
199.16,4125,3.3,33.1,-129.2774868
199.2,4121,3.6,32.2,-132.7619689
199.24,4005,4.1,32,-129.8313233
199.28,3985,5,32,-129.1829771
199.32,3998,5.2,30.9,-134.2181511
199.36,4036,5.4,30.3,-138.1769082
199.4,3941,5.4,29.9,-136.7294882
199.44,3924,5.5,30,-135.6858894
199.48,3956,5.7,30.1,-136.3379404
199.52,3917,6,29.6,-137.2741623
199.56,3939,6.3,29.3,-139.4586003
199.6,4063,6.5,29.4,-143.3594854
199.64,4010,6.6,29.8,-139.5902388
199.68,4032,6.2,30.1,-138.9571728
199.72,4077,1.4,30.2,-140.0427757
199.76,3988,0.7,30,-137.898911
199.8,3903,0.5,29.8,-135.8655117
199.84,3876,0.5,30.2,-133.1385329
199.88,3759,0.6,30.2,-129.1196453
199.92,3647,1.1,30.2,-125.272505
199.96,3469,4.9,29.9,-120.3538682
200,3416,22.8,29.6,-119.7162467
200.04,3555,35.6,29.2,-126.294284
200.08,4074,37.2,29.4,-143.7476111
200.12,4873,36.6,29.2,-173.1173126
200.16,5779,21.4,28.7,-208.8804235
200.2,6666,7.7,28.1,-246.0854469
200.24,6449,5.2,27.6,-242.3875096
200.28,5664,2,28.1,-209.0951052
200.32,4617,1,29.2,-164.0227031
200.36,4220,0.8,28.9,-151.4752053
200.4,4063,0.8,28.1,-149.9917748
200.44,4497,0.9,27.5,-169.6356532
200.48,4582,1.8,27.1,-175.3931935
200.52,4677,5.5,26.7,-181.7117664
200.56,4936,8.5,25.9,-197.698024
200.6,5133,8.9,24.9,-213.8448811
200.64,5140,9,24.3,-219.4238278
200.68,5069,9,24,-219.0977871
200.72,4946,9.1,23.8,-215.5778303
200.76,4555,9.3,24,-196.8811245
200.8,4138,9.3,24.3,-176.6489882
200.84,4251,9.4,24.6,-179.2598132
200.88,4254,9.4,24.2,-182.3513829
200.92,4281,9.4,24,-185.0380009
200.96,4377,9.4,24.6,-184.5730892
201,4567,9.4,24.8,-191.0320659
201.04,4703,9.4,25,-195.1470146
201.08,4815,9.5,24.9,-200.596747
201.12,5156,9.5,24.9,-214.8030795
201.16,5425,9.4,25.1,-224.2089592
201.2,5432,9.4,26,-216.7271674
201.24,4610,9.4,27,-177.1185723
201.28,4188,9.3,27.7,-156.8389209
201.32,4159,8.4,27.9,-154.6363744
201.36,4267,1.5,27.9,-158.6519379
201.4,4396,1,27.7,-164.6284375
201.44,4903,0.9,27.6,-184.2806574
201.48,4945,0.9,27.4,-187.2158762
201.52,4754,0.9,27.8,-177.3949789
201.56,4563,0.9,27.7,-170.8825206
201.6,4300,0.9,27.3,-163.3927379
201.64,4175,0.9,27.7,-156.3520761
201.68,4319,1.1,27.4,-163.515747
201.72,4342,1.1,27,-166.8218744
201.76,4201,1.2,27.1,-160.808993
201.8,3984,2.3,26.9,-153.6363537
201.84,3985,5.3,26.2,-157.7807354
201.88,3939,7.9,26,-157.159115
201.92,3959,9.3,25.5,-161.0542771
201.96,3914,9.7,25.2,-161.1191723
202,3939,10.5,24.4,-167.4646307
202.04,3979,11.8,23.8,-173.42988
202.08,4036,13.5,23.6,-177.4050982
202.12,4078,15.8,23.4,-180.7832983
202.16,4342,18.4,23.4,-192.4867781
202.2,4526,19.9,23,-204.1332054
202.24,4475,20.1,22.8,-203.6034507
202.28,3901,20.4,22.9,-176.7125564
202.32,3992,20.6,23,-180.0485542
202.36,4082,20.7,23.1,-183.3107617
202.4,4156,20.8,23.1,-186.6338868
202.44,4122,20.9,23.1,-185.1070455
202.48,4177,20.9,23.4,-185.1721033
202.52,4265,20.9,23.1,-191.5287601
202.56,4297,20.8,23,-193.8047688
202.6,4355,19.4,23.1,-195.5703987
202.64,4415,4.8,23.4,-195.7229676
202.68,4361,1,23.3,-194.1588126
202.72,4105,0.7,23.4,-181.9802451
202.76,4143,0.9,23.4,-183.6648369
202.8,4141,0.9,23.8,-180.4908603
202.84,4158,1,23.7,-181.9965187
202.88,4135,0.9,23.8,-180.2293425
202.92,4079,0.9,23.9,-177.0446249
202.96,4015,1,24,-173.5406619
203,3990,1,24.2,-171.034795
203.04,3873,1,24.4,-164.6586735
203.08,3810,1,24.2,-163.3189395
203.12,3861,1.1,24.2,-165.5050986
203.16,3831,1.1,24.1,-164.9005298
203.2,3750,1.3,24.3,-160.0854775
203.24,3710,1.2,24.4,-157.7288093
203.28,3589,1.2,24.6,-151.3440295
203.32,3399,1.2,24.2,-145.7010697
203.36,3221,1.3,23.5,-142.1836976
203.4,3219,1.3,23.1,-144.5559388
203.44,3220,1.4,22.8,-146.5034886
203.48,3339,1.9,22.7,-152.5869891
203.52,3482,9.2,22.7,-159.1218617
203.56,3410,18.3,22.1,-160.0622977
203.6,3571,24,21.4,-173.1023718
203.64,4016,25.8,21.1,-197.4413857
203.68,4186,26.7,20.9,-207.7685838
203.72,4221,27.1,21,-208.5081327
203.76,4384,27.1,21.2,-214.5169562
203.8,4355,26.9,21.5,-210.1244749
203.84,4005,23.1,22,-188.8455612
203.88,3934,21.1,22.3,-183.002252
203.92,4042,20.5,22.4,-187.1868054
203.96,4138,18.9,22.6,-189.936744
204,4270,18.6,23.1,-191.7532956
204.04,4223,18.6,23.3,-188.0148281
204.08,4249,18.3,23.5,-187.5624126
204.12,4262,18.2,23.2,-190.5690645
204.16,4326,18.1,22.9,-195.9647575
204.2,4260,18.1,23,-192.1359821
204.24,4123,18.1,23,-185.9569611
204.28,4102,18.1,23,-185.0098119
204.32,4002,18.1,23,-180.4995776
204.36,4084,18.1,22.9,-185.0023277
204.4,3895,18,22.4,-180.3791704
204.44,3899,16.4,22.1,-183.0155128
204.48,3950,11.9,22,-186.2521765
204.52,4027,8.9,21.9,-190.7499604
204.56,4005,8.6,22.1,-187.9910564
204.6,4098,8.6,22.2,-191.4899216
204.64,4158,8.6,22.2,-194.2935807
204.68,4209,8.6,22.7,-192.3446053
204.72,4204,8.7,23.2,-187.9756798
204.76,4135,8.7,23.5,-182.5301427
204.8,4131,8.7,23.7,-180.8147231
204.84,4144,8.7,24,-179.1164391
204.88,4201,8.9,24.6,-177.1513703
204.92,4205,9.3,24.6,-177.3200457
204.96,4150,9.4,24.8,-173.5894621
205,4160,9.7,24.7,-174.7122348
205.04,4125,9.8,24.7,-173.2423001
205.08,4156,9.8,25.3,-170.4048531
205.12,4179,10,25.5,-170.003997
205.16,4108,10,25.4,-167.7736141
205.2,4140,10.2,25.3,-169.7488191
205.24,4167,10.4,25,-172.9061471
205.28,4141,10.6,24.7,-173.9142703
205.32,4165,11.9,25.1,-172.1346203
205.36,4167,14.3,25.1,-172.217278
205.4,4205,20.5,25.1,-173.7877739
205.44,4326,27.6,25,-179.5037179
205.48,4484,34.7,24.9,-186.8070226
205.52,4514,44.3,24.8,-188.8151403
205.56,4462,51.1,25.2,-183.677503
205.6,4565,60,25.5,-185.7066873
205.64,4607,75.3,25.7,-185.9567856
205.68,4740,91.5,26.1,-188.3930061
205.72,4841,99.5,26.1,-192.4072874
205.76,4927,99.8,26.2,-195.0779632
205.8,5284,100,26.9,-203.768698
205.84,5708,99.8,27.9,-212.2299652
205.88,5651,99.9,29,-202.1409261
205.92,5644,100,30.1,-194.5124711
205.96,5859,100,30.6,-198.6227603
206,6312,100,31.5,-207.8659613
206.04,6463,100,32.8,-204.4029945
206.08,6441,99.9,34.2,-195.3683167
206.12,6607,99.9,34.6,-198.0866237
206.16,6837,99.9,35.4,-200.3499597
206.2,6970,99.9,36.6,-197.5507279
206.24,7108,100,37.2,-198.2126742
206.28,7263,99.8,37.9,-198.7942304
206.32,7735,97.2,38.4,-208.9565722
206.36,8805,53,38.8,-235.4098206
206.4,9578,3.4,39.1,-254.1119079
206.44,9268,5.4,38.7,-248.4288344
206.48,8841,56.2,38.5,-238.2141761
206.52,8456,94.4,39.2,-223.7720543
206.56,7394,99.7,40.9,-187.5353226
206.6,6460,100,41.7,-160.7027855
206.64,5531,99.9,43.7,-131.2952949
206.68,5647,100,43.8,-133.7428639
206.72,5718,100,43.8,-135.4244193
206.76,6120,99.9,44,-144.2864962
206.8,6401,100,44.8,-148.2165687
206.84,5967,99.9,46.1,-134.2709477
206.88,6251,100,46.1,-140.6615877
206.92,6514,100,47.2,-143.1636285
206.96,6462,100,48.2,-139.0742918
207,6667,100,48.5,-142.5987302
207.04,6700,100,49.3,-140.9791296
207.08,6761,100,50.3,-139.4343873
207.12,6948,100,50.4,-143.006644
207.16,7105,99.4,51.7,-142.5609172
207.2,7134,90.2,52.3,-141.5006249
207.24,7290,73.4,53,-142.6850922
207.28,7391,46.2,54.3,-141.1985752
207.32,7429,25.3,54.5,-141.4037079
207.36,7554,23.5,55.6,-140.938333
207.4,7547,25,56.4,-138.8104581
207.44,7429,27.2,56,-137.6161086
207.48,7625,34.9,56.6,-139.7495308
207.52,7770,38.1,56.5,-142.6591108
207.56,7909,30.8,57,-143.9374026
207.6,7988,2.5,58.4,-141.8901183
207.64,7588,0.2,58,-135.714506
207.68,7351,0.2,58.2,-131.023857
207.72,7073,0.2,58.1,-126.2857847
207.76,6809,0.2,57.7,-122.4149509
207.8,7009,0.2,58.4,-124.5002302
207.84,7324,0.3,56.6,-134.2328608
207.88,7245,0.6,56.3,-133.4925216
207.92,7158,0.6,56.3,-131.8895058
207.96,7100,0.9,55,-133.9129573
208,7084,1.4,54.9,-133.8545535
208.04,7077,1.7,54.3,-135.1998805
208.08,7091,2.2,53.7,-136.9809397
208.12,7046,4.4,53.1,-137.6496335
208.16,6999,7.3,53,-136.9894322
208.2,6951,10.9,52.4,-137.6077656
208.24,6978,17.1,53.3,-135.8096712
208.28,6959,22.5,52.3,-138.0295554
208.32,7011,23.7,52.3,-139.0609589
208.36,7099,27.6,52.9,-139.2093629
208.4,7427,34.6,52.1,-147.8776847
208.44,7769,41.4,52.2,-154.3908507
208.48,7504,46.7,53.3,-146.0469723
208.52,7160,49,53.5,-138.8309137
208.56,7341,51.8,53.8,-141.546746
208.6,7626,55.5,54.6,-144.8875604
208.64,7745,58.2,54.7,-146.8794499
208.68,7793,58.3,55.9,-144.6171538
208.72,7859,57,56.6,-144.0382377
208.76,7954,40.4,56.5,-146.037396
208.8,8122,21.4,57.8,-145.7679642
208.84,8003,10.9,58,-143.136952
208.88,7994,9.3,58.4,-141.9966957
208.92,7821,9.4,58.9,-137.744394
208.96,7711,12.7,58.2,-137.440479
209,7629,17.9,58.4,-135.5132339
209.04,7654,25.6,57.6,-137.8456025
209.08,7823,37.9,57.8,-140.4017217
209.12,8039,47.3,58.7,-142.0662343
209.16,8183,50.4,58.3,-145.6032061
209.2,8241,51.1,58.7,-145.6360041
209.24,8364,51.2,59,-147.0581012
209.28,8476,50.6,59.4,-148.0237644
209.32,8478,36.9,60.7,-144.8877482
209.36,8348,12.2,60.1,-144.0903546
209.4,8222,7.4,60.3,-141.4448378
209.44,7981,6.9,60.4,-137.0715468
209.48,7983,6.8,60.1,-137.7902852
209.52,7948,7,61.1,-134.9408961
209.56,7829,7.2,60.2,-134.9077016
209.6,7572,7.7,60.2,-130.479131
209.64,7302,9.5,59.9,-126.4567301
209.68,7429,14.8,59.2,-130.1774
209.72,7803,24.5,59.5,-136.0415536
209.76,7835,27.1,58.9,-137.9909637
209.8,8103,28.6,59.2,-141.9878143
209.84,8497,29.6,59.2,-148.891825
209.88,8352,31,58.3,-148.6102869
209.92,8021,31.4,59.1,-140.7887578
209.96,7964,31.6,58.8,-140.5014696
210,8133,31.8,59,-142.996597
210.04,8180,32,59.7,-142.1365972
210.08,8000,32.4,59.3,-139.9465625
210.12,8105,32.5,60.6,-138.7418038
210.16,8204,32.5,60.8,-139.9745288
210.2,8239,29.2,60.9,-140.3408659
210.24,8200,6.3,61.6,-138.0893171
210.28,8110,0.7,60.8,-138.370725
210.32,7956,0.4,61.4,-134.4167359
210.36,7780,0.5,60.3,-133.8410165
210.4,7574,0.4,59.8,-131.3865952
210.44,7208,0.5,59.5,-125.6680146
210.48,6918,0.5,58.1,-123.5183174
210.52,7107,0.5,57.6,-127.9943425
210.56,6985,0.5,56.1,-129.16073
210.6,6928,0.5,54.7,-131.385517
210.64,6781,0.6,54.4,-129.3069257
210.68,6660,0.7,52.6,-131.3455691
210.72,6498,0.8,50.9,-132.4307584
210.76,6366,0.8,50.7,-130.2523647
210.8,6189,0.8,49.1,-130.7572964
210.84,6088,0.8,47.4,-133.2365086
210.88,5952,0.8,47.1,-131.089817
210.92,5894,0.8,46.2,-132.3412089
210.96,5874,0.8,44.6,-136.6236945
211,5828,0.8,44.8,-134.9486271
211.04,5810,0.8,44.9,-134.2322077
211.08,5811,0.8,44.3,-136.0736677
211.12,5779,0.8,43.9,-136.5573612
211.16,5727,0.9,44.5,-133.5039495
211.2,5650,1.4,44.5,-131.7089776
211.24,5612,2.5,43.7,-133.218079
211.28,5522,3,43.9,-130.4844693
211.32,5424,3.6,43.5,-129.3472994
211.36,5332,4.7,43.1,-128.333433
211.4,5255,6.4,42.4,-128.5682716
211.44,5087,8.5,42.7,-123.5835892
211.48,4841,10.8,41.2,-121.8890826
211.52,4667,13.8,39.4,-122.8764118
211.56,4722,16.3,38.1,-128.5665378
211.6,5101,17,36.8,-143.791908
211.64,5400,17.3,36.1,-155.1720507
211.68,5043,17.4,36.3,-144.1150327
211.72,4750,17.5,36.6,-134.6292622
211.76,4678,16.9,36.6,-132.588566
211.8,4622,13,35.8,-133.9287625
211.84,4524,5.2,34.6,-135.6355207
211.88,4291,2.1,33.7,-132.0856249
211.92,4257,2.2,33.4,-132.2160338
211.96,4305,2.5,33.3,-134.1083638
212,4203,2.8,33.1,-131.7220066
212.04,3847,3,32,-124.7093885
212.08,3811,3.2,30.9,-127.9403136
212.12,3890,3.7,29.5,-136.7900559
212.16,3806,4,28.4,-139.0200324
212.2,3656,4.7,28,-135.4487799
212.24,3462,5.5,27.8,-129.1841432
212.28,3243,6.5,27.5,-122.3323156
212.32,2967,6.9,27.4,-112.3295257
212.36,2885,9.3,27.5,-108.827854
212.4,2969,11.8,27.7,-111.1878596
212.44,3389,13.5,27.3,-128.7762765
212.48,3631,15.6,27.2,-138.4791173
212.52,3697,18.8,27.5,-139.4580853
212.56,3805,23.5,28,-140.9689846
212.6,3975,26.4,28.7,-143.6753216
212.64,3945,27.8,28.8,-142.095872
212.68,3936,28.3,29.1,-140.310135
212.72,4100,28.7,29.2,-145.655855
212.76,4127,29.1,29.8,-143.6630712
212.8,4127,29.4,30.4,-140.8276158
212.84,4045,29.7,30.2,-138.9435928
212.88,4135,29.6,29.9,-143.4601456
212.92,4102,29.5,29.9,-142.3152399
212.96,4173,29.4,30.1,-143.8165382
213,4112,29.4,29.9,-142.662181
213.04,3867,29.3,28.8,-139.2863718
213.08,3839,29.3,27.8,-143.2518561
213.12,3771,29.2,27.4,-142.7686692
213.16,3664,29.7,28.1,-135.2620878
213.2,3746,33.3,28.5,-136.3483399
213.24,3801,43.2,28.4,-138.8373997
213.28,3786,51.2,28.7,-136.8439667
213.32,3806,62.7,29.4,-134.2914599
213.36,3850,75.9,30.2,-132.2454468
213.4,4030,83.7,30.5,-137.0667604
213.44,3970,90.1,30.4,-135.4702289
213.48,4016,96.9,30.7,-135.700757
213.52,4101,99.3,31.5,-135.0535975
213.56,4214,99.9,31.9,-137.0347746
213.6,4297,99.9,32.4,-137.5774594
213.64,4368,100,32.4,-139.8506731
213.68,4400,99.9,33,-138.3138526
213.72,4449,99.9,33.5,-137.7667903
213.76,4574,99.9,33.7,-140.7969351
213.8,4691,100,34.1,-142.7046076
213.84,4733,99.9,34.4,-142.7266274
213.88,4774,99.9,35.1,-141.0919513
213.92,4862,99.9,35.7,-141.2777208
213.96,5113,99.9,36.4,-145.7140237
214,5144,100,36.4,-146.5974844
214.04,5068,100,37.5,-140.194921
214.08,5129,99.9,37.7,-141.1296584
214.12,5200,99.9,38.2,-141.2104777
214.16,5243,99.9,38.1,-142.7518758
214.2,5095,99.9,38.8,-136.2195384
214.24,5230,100,39.5,-137.350908
214.28,5445,99.9,40.1,-140.8576547
214.32,5478,99.9,40.3,-141.0080554
214.36,5509,100,41.5,-137.7056049
214.4,5639,99.9,42.2,-138.6170287
214.44,5771,99.8,42.1,-142.1987963
214.48,5869,99.8,43.2,-140.9312501
214.52,5938,97.2,44.3,-139.0475716
214.56,6068,63.8,45.1,-139.5712512
214.6,6076,16.6,45,-140.065828
214.64,5790,0.7,46,-130.5712836
214.68,5505,0.2,46.1,-123.8749065
214.72,5296,0.8,45.5,-120.7434335
214.76,5566,8.1,45.2,-127.741411
214.8,5904,21.6,45.1,-135.7990552
214.84,5981,25.4,44.5,-139.4250256
214.88,6045,29.2,44.4,-141.2343309
214.92,6519,38.6,44.8,-150.9488847
214.96,6966,49.3,45.5,-158.8177413
215,7007,56.4,45.5,-159.7524997
215.04,7470,61.5,45.7,-169.5630982
215.08,7727,62.1,46.1,-173.8749141
215.12,7719,55.9,45.6,-175.5994454
215.16,7786,25.1,46.1,-175.2025471
215.2,7873,1.9,47.1,-173.3988792
215.24,7382,0.5,47.3,-161.8973879
215.28,6923,0.4,47.7,-150.5576732
215.32,6709,0.4,47.9,-145.2945152
215.36,6428,0.4,47.3,-140.974859
215.4,6159,0.3,46.9,-136.2273483
215.44,5923,0.3,46.9,-131.0074012
215.48,5569,0.3,46.8,-123.4406803
215.52,5372,0.4,45.6,-122.2075684
215.56,5411,0.4,45.2,-124.1841133
215.6,5213,0.4,45,-120.1716856
215.64,4870,0.5,43.7,-115.6044271
215.68,4843,0.5,42.8,-117.3809558
215.72,4828,0.6,42.4,-118.1213349
215.76,4955,0.6,40.9,-125.6745366
215.8,4952,0.6,40.7,-126.2156384
215.84,4819,1.1,40.7,-122.8257596
215.88,4986,3.4,40,-129.3061629
215.92,5157,9.5,39.3,-136.1230034
215.96,5090,12.1,38.5,-137.1462681
216,4972,12.6,38.2,-135.0189414
216.04,4937,12.7,37.6,-136.207877
216.08,4998,13.2,37.5,-138.258527
216.12,5227,13.8,37.2,-145.7593765
216.16,5378,15.7,37.2,-149.9701409
216.2,5698,21.9,37.8,-156.3714944
216.24,5582,26.5,37.7,-153.5944148
216.28,4601,27.2,38.3,-124.6178921
216.32,4710,29.7,38.6,-126.5786747
216.36,5281,33.6,38.8,-141.1924205
216.4,5750,34.8,38.7,-154.1288086
216.44,5526,34.7,40,-143.3104405
216.48,5164,27.7,41.7,-128.4627221
216.52,5124,25.4,41.6,-127.774071
216.56,5422,25.4,42,-133.917448
216.6,5518,25.1,41.5,-137.9305732
216.64,5515,25.1,41.2,-138.8593866
216.68,5603,25.1,41.3,-140.7335077
216.72,5636,25,42,-139.203013
216.76,5851,25.1,42,-144.513277
216.8,6021,25.6,42.2,-148.0072938
216.84,6115,27.1,42.5,-149.2569191
216.88,5847,31.1,42.5,-142.7154875
216.92,5917,38.1,42.1,-145.7962706
216.96,6085,41.6,42.1,-149.9358301
217,5975,42.7,43,-144.1439423
217.04,6057,43.1,43.4,-144.7754041
217.08,5988,43.4,42.7,-145.4724852
217.12,5626,43.3,42.9,-136.0408627
217.16,5487,43.4,42.4,-134.2443589
217.2,5198,43.4,41.9,-128.6913017
217.24,4974,43.6,41.4,-124.6328084
217.28,4768,44,42.1,-117.4846406
217.32,4923,44.9,42,-121.5926957
217.36,5253,47.1,41,-132.907805
217.4,5312,47.6,40.9,-134.7291904
217.44,5200,47.9,41,-131.5668354
217.48,5075,48.7,40.6,-129.6692368
217.52,4959,49.5,40.1,-128.2852359
217.56,5049,55.5,39.8,-131.5979852
217.6,5068,66.9,39.4,-133.4342522
217.64,5075,71.9,39.6,-132.9437125
217.68,5315,74.5,38.8,-142.101442
217.72,5616,80.6,38.7,-150.5369372
217.76,5625,85.5,39,-149.6183501
217.8,5253,86.9,39.6,-137.6065658
217.84,5016,87.5,39.5,-131.7308135
217.88,5388,87.6,40,-139.7315696
217.92,5564,87.7,40.3,-143.2217635
217.96,5326,87.1,40.8,-135.4153637
218,5415,86.8,40.9,-137.3415975
218.04,5655,87,41.6,-141.015295
218.08,5757,86.7,42.2,-141.5176865
218.12,5889,86.8,42.6,-143.4032179
218.16,5887,86.6,43.7,-139.7460498
218.2,6032,86.9,44.5,-140.6139031
218.24,6191,86.9,44.7,-143.6746747
218.28,6242,87,45.8,-141.379105
218.32,6337,87.2,46.5,-141.3701425
218.36,6458,87,47.2,-141.9328697
218.4,6562,81.7,48,-141.814922
218.44,6704,53.4,48.6,-143.0950722
218.48,6646,24.2,49,-140.6990608
218.52,6618,9.3,49.7,-138.1329592
218.56,6719,7.6,50.2,-138.8442393
218.6,6600,8,50.3,-136.1140299
218.64,6618,10.4,50.9,-134.8763865
218.68,6654,15.5,50.8,-135.8770239
218.72,6713,25.8,50.4,-138.1697756
218.76,7032,40.3,50.8,-143.595917
218.8,7180,54.8,50.5,-147.4891279
218.84,7215,63,50.7,-147.6234388
218.88,7191,69.8,51.3,-145.4115371
218.92,7224,74.5,51.5,-145.5115443
218.96,7550,75.3,51.7,-151.4897853
219,7711,75.5,52.8,-151.4968916
219.04,7666,74.6,53.1,-149.7618635
219.08,7616,65.5,53.4,-147.9491996
219.12,7638,52.8,54.4,-145.6490633
219.16,7899,52.8,54.2,-151.1818895
219.2,8101,59.5,55.1,-152.5154972
219.24,8012,63.5,56.1,-148.151148
219.28,8006,65,55.8,-148.8361161
219.32,8071,67.6,56.4,-148.4482851
219.36,8264,69.7,56.8,-150.9276863
219.4,8326,68.8,57.2,-150.9966525
219.44,8224,53.9,58.4,-146.0821648
219.48,7973,40.6,58.2,-142.1103539
219.52,7916,35.7,59.4,-138.2439971
219.56,8042,35.5,59.6,-139.9731547
219.6,8123,36.5,60.4,-139.510359
219.64,8132,37.2,61,-138.2911782
219.68,8154,38.6,60.3,-140.2750191
219.72,8229,41,60.9,-140.1705287
219.76,8279,42.1,61.3,-140.1020047
219.8,8330,42.9,61.2,-141.1953912
219.84,8411,45.3,62.3,-140.0511012
219.88,8423,46.8,62.1,-140.7026063
219.92,8491,48,62.7,-140.4812108
219.96,8525,53.2,63,-140.3720944
220,8664,62,63.2,-142.2094009
220.04,8737,67.6,64.1,-141.394087
220.08,8930,72.9,63.9,-144.9698009
220.12,8845,76.7,65.2,-140.7269202
220.16,8961,80.5,65.2,-142.5725191
220.2,9139,86.4,65.9,-143.8600492
220.24,9254,90.2,66.5,-144.355984
220.28,9223,93.1,67.1,-142.585916
220.32,9233,93.5,68.3,-140.2326282
220.36,9311,87,67.9,-142.2503992
220.4,9359,55.5,68.9,-140.908492
220.44,9326,20.1,68.1,-142.0611221
220.48,9209,4.5,69.2,-138.0490175
220.52,9101,1.1,68.3,-138.2277861
220.56,8922,0.8,68.1,-135.9070697
220.6,8723,0.8,66.7,-135.6647379
220.64,8431,0.8,66.2,-132.1137565
220.68,8015,1,65.8,-126.3585329
220.72,7656,2,65.1,-121.9966423
220.76,7823,8.1,64.9,-125.0419032
220.8,7896,17.6,63.2,-129.6035815
220.84,8265,29.5,62.7,-136.7421042
220.88,8566,38.4,61.3,-144.958784
220.92,9046,41.9,61.5,-152.5837939
220.96,9275,43.3,62.2,-154.6858098
221,8677,39.3,62,-145.1793506
221.04,8319,10.7,62.9,-137.1978863
221.08,8304,0.8,62.2,-138.4917482
221.12,8217,0.5,62.8,-135.7314801
221.16,8054,0.9,63.5,-131.5724136
221.2,7816,1.1,62.9,-128.9023535
221.24,7503,1,63,-123.543909
221.28,7233,0.5,61.1,-122.8016484
221.32,7333,0.4,60.6,-125.5266684
221.36,7065,0.5,60.3,-121.5407175
221.4,7166,1,59.3,-125.3571333
221.44,7295,4.5,59.1,-128.0456287
221.48,7276,15.2,57.2,-131.954317
221.52,7220,23.2,57.1,-131.1680406
221.56,7327,25.6,56.7,-134.051005
221.6,7567,26,55.2,-142.2039297
221.64,7625,26.2,55.6,-142.2630116
221.68,7830,26.2,55.5,-146.3510089
221.72,8102,24.5,55.2,-152.2579937
221.76,7368,15.8,55.6,-137.4680484
221.8,7068,10,56,-130.9288808
221.84,7210,9.7,55.3,-135.2499381
221.88,7273,9.8,55.8,-135.2092271
221.92,7304,9.9,55.3,-137.0132521
221.96,7218,10.1,55.5,-134.9120794
222,7170,10.5,55.2,-134.7432504
222.04,7110,11.5,53.7,-137.3479737
222.08,7114,13.2,53.6,-137.6816344
222.12,7035,16.7,52.6,-138.741153
222.16,6943,20.6,52.6,-136.9267697
222.2,7065,24,52.8,-138.8050239
222.24,7053,25.8,50.1,-146.0370662
222.28,7023,26.8,49.5,-147.1785131
222.32,7161,31,50.4,-147.3906991
222.36,7276,36.1,50.6,-149.1657497
222.4,7218,37.1,51.4,-145.6735488
222.44,7216,35.4,51.9,-144.2301676
222.48,6997,11.7,49.6,-146.338008
222.52,6881,1.1,49.1,-145.3774368
222.56,6745,0.6,49.2,-142.2144719
222.6,6664,1,48.2,-143.4217085
222.64,6473,1,48.7,-137.8807342
222.68,6265,1,49.1,-132.3629765
222.72,6096,1.1,48.4,-130.6551516
222.76,5788,1,47.4,-126.6709776
222.8,5497,1.1,47.2,-120.8121686
222.84,5531,1.1,46.6,-123.1245577
222.88,5659,1.1,44.7,-131.3285389
222.92,5420,1.6,44.7,-125.7820606
222.96,5320,6.6,44.9,-122.9114191
223,5384,11,43.3,-128.9864519
223.04,5217,11.5,43.1,-125.5655514
223.08,5158,11.9,43.2,-123.8581339
223.12,5103,14.2,42.5,-124.5556923
223.16,5162,18.3,41.1,-130.2876108
223.2,5393,24.4,40.2,-139.1654117
223.24,5608,29.5,40.2,-144.7134487
223.28,5526,31.3,39.6,-144.7580207
223.32,5225,32.7,39.7,-136.5283148
223.36,5100,35.1,40.4,-130.9530906
223.4,5376,37.6,40.1,-139.0726817
223.44,5639,38.4,39.6,-147.7181467
223.48,5279,38.5,40.4,-135.5492873
223.52,5055,38.5,40.1,-130.7686767
223.56,5314,38.6,39.9,-138.1578595
223.6,5702,38.5,39.2,-150.8926506
223.64,5423,38.6,39.3,-143.1442791
223.68,5119,38.4,40,-132.7553646
223.72,5066,35.6,39.8,-132.0410761
223.76,5331,33.4,38.8,-142.5292168
223.8,5284,32.1,38.5,-142.3734539
223.84,4952,31.1,38.7,-132.7384104
223.88,4986,30.9,38.3,-135.045601
223.92,5058,30.8,37.3,-140.6685254
223.96,5021,28.6,36.9,-141.1532223
224,4862,15.8,37.1,-135.9464861
224.04,4877,3.4,36.9,-137.105012
224.08,4685,1,36,-135.0000832
224.12,4414,0.7,35.5,-128.9825377
224.16,4318,0.6,35.5,-126.177299
224.2,4452,0.6,35,-131.9514153
224.24,4343,0.6,33.6,-134.0841656
224.28,4258,0.5,32.6,-135.4924197
224.32,4233,0.6,31.9,-137.6526343
224.36,4105,0.5,31.8,-133.9099917
224.4,4015,0.6,30.6,-136.110323
224.44,3954,0.7,29,-141.4378379
224.48,3856,0.7,28.1,-142.3500575
224.52,3866,1,27.5,-145.8330965
224.56,3762,4.3,27.4,-142.4279325
224.6,3767,6.4,26.9,-145.2681085
224.64,3785,6.7,25.9,-151.5978567
224.68,3707,7,25.6,-150.2137065
224.72,3912,7.7,25.4,-159.768836
224.76,4097,7.8,25.4,-167.3243663
224.8,4104,7.7,25.4,-167.6102513
224.84,4123,8.4,25.4,-168.3862246
224.88,4189,8.7,24.6,-176.645344
224.92,4218,9.3,24.2,-180.8082118
224.96,4295,10.3,23.5,-189.5929777
225,4388,10.3,22.9,-198.7733139
225.04,4562,9.2,22.5,-210.3292651
225.08,4605,9,22.3,-214.2159051
225.12,4531,8.9,21.1,-222.760687
225.16,4695,8.9,20,-243.5188267
225.2,4830,8.9,19.3,-259.6072181
225.24,5006,9.1,19,-273.3154523
225.28,5206,11.8,18.7,-288.7948863
225.32,5224,13.2,18.5,-292.9263105
225.36,5652,15.1,18.4,-318.6480549
225.4,6086,21.8,18.4,-343.1160761
225.44,6424,26.5,17.8,-374.3798549
225.48,6721,29.4,17.4,-400.6928462
225.52,7313,32.3,16.9,-448.8857413
225.56,7789,33.2,16.8,-480.9493739
225.6,8406,33.5,16.5,-528.4846567
225.64,9183,33.6,16.2,-588.025976
225.68,9814,33.8,15.9,-640.2887495
225.72,10246,33.8,15.9,-668.4734591
225.76,10720,33.1,15.9,-699.3983488
225.8,11142,17.6,15.6,-740.9100698
225.84,11331,6.2,15.1,-778.4276143
225.88,11147,17.7,14.5,-797.4747489
225.92,10749,43.9,14.1,-790.8168091
225.96,11041,56.8,13.7,-836.0163756
226,11618,59,13.4,-899.4013092
226.04,12193,58.7,13.2,-958.2163661
226.08,12552,45.5,13,-1001.605083
226.12,12449,5.3,12.6,-1024.922113
226.16,12167,0.8,11.9,-1060.628977
226.2,11593,0.5,11.6,-1036.727905
226.24,11121,0.5,11.2,-1030.036844
226.28,10607,0.5,10.7,-1028.337641
226.32,10157,0.5,10.3,-1022.951796
226.36,9712,0.5,10,-1007.478102
226.4,9249,0.9,9.8,-979.0292008
226.44,8841,1,9.3,-986.1554601
226.48,8420,0.5,8.9,-981.4067179
226.52,7993,0.5,8.7,-953.0539858
226.56,7552,0.5,8.4,-932.6305487
226.6,7195,0.5,8.1,-921.4520085
226.64,6761,0.5,7.6,-922.8354841
226.68,6415,0.5,7.3,-911.5924975
226.72,6138,0.5,7.1,-896.7997469
226.76,5765,0.5,6.8,-879.4625294
226.8,5300,0.7,6.5,-845.8424061
226.84,4022,0.7,6.2,-672.9415101
226.88,3489,0.6,6.1,-593.3324159
226.92,3203,0.7,6.1,-544.6958235
226.96,3040,1.7,6,-525.5926397
227,2746,21.6,5.9,-482.8091175
227.04,2542,47.1,5.7,-462.6234384
227.08,2860,57.1,5.7,-520.4968662
227.12,3519,58.4,5.6,-651.8657775
227.16,3522,58.7,5.1,-716.3843952
227.2,3669,56.7,5.1,-746.2845957
227.24,3714,31.5,5.1,-755.4377183
227.28,3887,25.6,5.1,-790.6263896
227.32,4153,25.1,5,-861.6261445
227.36,4269,25.2,0.6,-7380.772957
227.4,4446,28.8,0,#DIV/0!
227.44,4690,38,0,#DIV/0!
227.48,4974,40.4,0,#DIV/0!
227.52,5343,40.6,0,#DIV/0!
227.56,6305,41.3,0,#DIV/0!
227.6,7335,46.9,0,#DIV/0!
227.64,8262,51.3,0,#DIV/0!
227.68,8778,52.1,0,#DIV/0!
227.72,7853,52.2,0,#DIV/0!
227.76,7617,52.5,0.1,-79015.24612
227.8,7797,52.3,0.1,-80882.48313
227.84,8549,52.7,0.5,-17736.67688
227.88,8836,54.8,0.6,-15276.76502
227.92,9011,55.8,1.3,-7190.458416
227.96,9419,56.2,2,-4885.418165
228,9648,57.3,3,-3336.130124
228.04,9713,58.6,4.2,-2399.004375
228.08,9903,58.9,4.9,-2096.513391
228.12,10188,59,6.1,-1732.551061
228.16,10096,58.9,6.9,-1517.844191
228.2,9992,59.1,7.7,-1346.135079
228.24,10115,59,8.7,-1206.072947
228.28,10008,59,9.7,-1070.292554
228.32,9838,59,10.6,-962.7818501
228.36,9916,58.7,12,-857.2001013
228.4,9886,51.9,13,-788.8677383
228.44,9588,34.9,14,-710.4392241
228.48,9321,27.8,15.1,-640.3427581
228.52,9236,26.6,15.9,-602.578652
228.56,8565,26.4,16.9,-525.7358641
228.6,7940,25.7,17.6,-467.9880636
228.64,7748,20.3,18.2,-441.6163721
228.68,6912,19.2,18.6,-385.4940923
228.72,6048,19,18.9,-331.9532461
228.76,5596,19.1,19.1,-303.9283975
228.8,4838,19.3,19.2,-261.3915698
228.84,4171,20.2,19.2,-225.3543277
228.88,3988,21.4,19.3,-214.3506389
228.92,3725,25,19.1,-202.3111652
228.96,3441,28.6,18.8,-189.8688697
229,3087,29.7,18.4,-174.0386669
229.04,2933,31.7,17.9,-169.9753615
229.08,2813,36.2,17.6,-165.7998014
229.12,2692,37.9,17.4,-160.4917634
229.16,2486,38.7,16.9,-152.5953717
229.2,2348,40.4,16.4,-148.5187161
229.24,2212,41.2,16.1,-142.5234046
229.28,2365,50.5,15.2,-161.4040763
229.32,2537,67.5,14.5,-181.5011607
229.36,2469,72.6,13.8,-185.5961424
229.4,2367,77.6,13.4,-183.2400498
229.44,2463,91.6,12.8,-199.6095814
229.48,2837,99.6,12.3,-239.2660974
229.52,2958,99.9,11.8,-260.0417643
229.56,2725,99.9,11.5,-245.8077706
229.6,2279,100,11.9,-198.6663466
229.64,2009,99.9,12.4,-168.0680624
229.68,2627,100,12.4,-219.7684419
229.72,2821,100,12.4,-235.9980109
229.76,2706,99.9,13.4,-209.4835551
229.8,2750,100,14,-203.7659435
229.84,2865,100,15,-198.1345938
229.88,3165,100,15.6,-210.4631458
229.92,3411,99.9,16.2,-218.4206255
229.96,3387,100,16.9,-207.9004521
230,3331,99.9,17.3,-199.7355966
230.04,3508,99.9,17.9,-203.2981822
230.08,3846,99.9,18.9,-211.0932845
230.12,4145,100,19.6,-219.3791781
230.16,3882,99.9,20.6,-195.4858164
230.2,4000,99.9,21.2,-195.7271499
230.24,4166,99.9,21.4,-201.944688
230.28,4301,100,21.8,-204.6632614
230.32,4454,100,22.3,-207.1916702
230.36,4761,100,23.1,-213.8026792
230.4,4799,99.3,23.2,-214.5802301
230.44,4642,95.6,23.8,-202.3275957
230.48,4589,94.2,24.2,-196.7114471
230.52,4744,93.8,24.6,-200.0490599
230.56,4799,93.5,24.9,-199.9301742
230.6,4856,92.8,25,-201.4956204
230.64,4886,83.3,24.8,-204.3754487
230.68,4802,65.1,24.8,-200.8618306
230.72,4675,63.9,24.6,-197.1394088
230.76,4668,63.8,24.5,-197.6476726
230.8,4826,64.5,25,-200.2507957
230.84,4993,70.2,25.8,-200.7561238
230.88,5062,76.8,26.4,-198.9047505
230.92,5078,88.2,27.2,-193.6648189
230.96,5316,98.8,27.9,-197.654957
231,5752,99.9,28.4,-210.1006901
231.04,6031,99.9,29.6,-211.3608559
231.08,6102,99.9,30.7,-206.1867577
231.12,6122,99.9,31.1,-204.2019466
231.16,6364,99.9,31.3,-210.9175777
231.2,6683,100,31.6,-219.3872176
231.24,6729,99.9,32.2,-216.7811911
231.28,6798,100,32.9,-214.3444308
231.32,6744,100,33.2,-210.7203212
231.36,6722,100,34,-205.090967
231.4,6823,100,34.3,-206.3517674
231.44,6911,99.9,34.5,-207.8015294
231.48,7066,99.9,34.8,-210.630535
231.52,7152,100,35.7,-207.8194692
231.56,7182,99.9,36.1,-206.3788274
231.6,7183,100,36.7,-203.0330524
231.64,7166,99.9,36.3,-204.7845181
231.68,7134,100,36.4,-203.3099638
231.72,7139,100,37.2,-199.0771358
231.76,7324,99.9,38.1,-199.4115465
231.8,7446,99.9,38.3,-201.6745978
231.84,7512,100,38.8,-200.8402694
231.88,7677,99.9,40,-199.0941461
231.92,7929,100,40.7,-202.0928508
231.96,8079,100,41.4,-202.4343505
232,8249,100,42.5,-201.3442888
232.04,8355,100,43.4,-199.7025757
232.08,8625,100,44.2,-202.4248266
232.12,8765,100,44.9,-202.503494
232.16,8883,100,46.1,-199.8875194
232.2,8979,100,47.1,-197.7579749
232.24,9218,100,47.4,-201.7368818
232.28,9530,100,48.7,-202.9975896
232.32,9617,100,49.7,-200.7290221
232.36,9702,99.8,50.1,-200.8863769
232.4,9831,97.1,51.5,-198.0238084
232.44,10087,62,52.4,-199.6906246
232.48,10866,8.4,51.8,-217.6040041
232.52,11196,1.5,52,-223.3502731
232.56,11114,25.9,52,-221.7144458
232.6,11128,82.3,50.8,-227.2376798
232.64,11711,99.3,51.3,-236.8119192
232.68,11769,100,51.1,-238.9162032
232.72,10601,100,51.5,-213.5337599
232.76,9367,100,53.2,-182.6483821
232.8,8494,100,53.8,-163.7785126
232.84,8276,100,54.8,-156.6631538
232.88,8455,99.9,55.4,-158.3181801
232.92,8322,100,55.9,-154.4339733
232.96,8165,100,56.3,-150.4439529
233,8177,100,57.5,-147.5207442
233.04,8346,100,56.9,-152.1573919
233.08,8390,100,57.6,-151.1006801
233.12,8155,99.1,57.8,-146.360225
233.16,7975,91.5,57.7,-143.3777696
233.2,7890,81.7,58.6,-139.6710277
233.24,7993,76.7,58.6,-141.4943631
233.28,8066,76.4,59.5,-140.6268321
233.32,8038,75.8,60.2,-138.5091462
233.36,8158,75.2,60.2,-140.5769613
233.4,8211,75.3,61.8,-137.8270684
233.44,8292,74.6,61.7,-139.4122932
233.48,8370,66.8,62.2,-139.5924774
233.52,8340,46.8,62.7,-137.9829582
233.56,8365,27.9,62.4,-139.0619443
233.6,8358,11.6,63.3,-136.970045
233.64,8271,4.8,62.1,-138.1635114
233.68,7966,4.1,62.7,-131.7952332
233.72,7885,4,61.4,-133.2171898
233.76,7721,4,61.3,-130.6592075
233.8,7413,4,60.8,-126.4786911
233.84,7121,3.9,59.3,-124.5699339
233.88,7036,4.2,59.3,-123.0830017
233.92,7314,5,57.4,-132.1812959
233.96,7030,6.7,56.6,-128.8444854
234,6952,11.3,56.2,-128.3217842
234.04,6968,19.5,54.9,-131.6626946
234.08,7010,22.9,54.6,-133.1840806
234.12,7198,23.9,54.6,-136.7559218
234.16,7470,27.9,53,-146.2081809
234.2,7605,36.3,53.3,-148.0126898
234.24,7317,38.5,54.1,-140.3016348
234.28,7317,38.9,53.2,-142.6751587
234.32,7264,38.9,54.2,-139.0283891
234.36,7062,35.5,54.1,-135.412074
234.4,7056,22.2,53.5,-136.8143753
234.44,7209,11.6,54,-138.4867449
234.48,7055,4.7,53.7,-136.285507
234.52,6781,0.8,53.7,-130.9924908
234.56,6803,0.6,53.3,-132.403725
234.6,6722,0.6,52.2,-133.5841547
234.64,6570,0.6,51.5,-132.338157
234.68,6349,0.6,51.1,-128.8876688
234.72,6090,0.8,49.4,-127.8843161
234.76,5847,0.9,48.9,-124.0369779
234.8,5653,0.8,48,-122.1700326
234.84,5761,0.8,46.5,-128.5203395
234.88,5770,0.8,45.3,-132.1309486
234.92,5563,0.9,44.6,-129.3901281
234.96,5485,0.9,43.6,-130.501975
235,5524,1.3,41.8,-137.0895433
235.04,5381,2.1,41.7,-133.8609426
235.08,5154,4,41.2,-129.7699507
235.12,5076,8.8,40.1,-131.3119294
235.16,5133,14.3,39.1,-136.1825458
235.2,5148,17.1,39.1,-136.5805076
235.24,5233,17.5,39.1,-138.8356248
235.28,5474,17.6,38.5,-147.4928628
235.32,5804,17.7,38.5,-156.3844676
235.36,5583,16.7,38.9,-148.8829509
235.4,4729,8.6,39.7,-123.5679236
235.44,4463,1,38.9,-119.0156923
235.48,4422,0.7,39,-117.6199723
235.52,4576,0.8,39,-121.7161903
235.56,5005,0.8,37.6,-138.0839426
235.6,4986,0.8,36.5,-141.705384
235.64,4765,0.8,36.4,-135.7964644
235.68,4511,0.8,36.5,-128.2055731
235.72,4429,0.9,35.8,-128.336324
235.76,4407,1.1,35.4,-129.1417687
235.8,4153,1.1,35.6,-121.0149079
235.84,3861,1.7,35.6,-112.5062749
235.88,3382,2.4,35.2,-99.66849063
235.92,3236,7.3,34.8,-96.46198855
235.96,3182,13.1,35,-94.31028833
236,3707,17.2,34.7,-110.8204866
236.04,4326,20.1,33.1,-135.5768262
236.08,4516,21.6,32.4,-144.5892033
236.12,4590,23.9,32.2,-147.8712539
236.16,4092,25.3,32.3,-131.4195707
236.2,4135,30.4,31.8,-134.8886274
236.24,4323,49,30.7,-146.0742959
236.28,4501,69.9,30.3,-154.0966956
236.32,4455,78.2,30.6,-151.0265228
236.36,4229,79.2,30.9,-141.9731268
236.4,4129,79.4,31,-138.1688461
236.44,4120,79.8,30.7,-139.21492
236.48,4201,79.2,30.6,-142.4158075
236.52,4290,63.9,30.7,-144.959225
236.56,4209,41.7,30.9,-141.3017003
236.6,4242,43.3,30.1,-146.1945256
236.64,4334,53.9,29.4,-152.921489
236.68,4403,63.5,29.4,-155.3560951
236.72,4612,74.5,29.5,-162.1788529
236.76,4452,77.6,29.6,-156.023633
236.8,4226,78.7,29.9,-146.6173096
236.84,4209,85.9,29.5,-148.0075438
236.88,4305,94.9,29.5,-151.3833395
236.92,4370,99.6,30,-151.1078839
236.96,4311,99.9,30.4,-147.1063368
237,4124,99.8,30.8,-138.8976448
237.04,4208,99.9,30.2,-144.5425559
237.08,4314,99.9,30.2,-148.1835993
237.12,4358,99.9,31,-145.8318797
237.16,4339,99.9,31.6,-142.4391945
237.2,4333,100,31.7,-141.7935149
237.24,4345,99.9,31.3,-144.0032802
237.28,4493,100,31.2,-149.3856105
237.32,4540,100,31.8,-148.1002101
237.36,4685,100,32.1,-151.4019624
237.4,4453,100,32.2,-143.4576674
237.44,4380,100,32.2,-141.1059024
237.48,4355,100,32.2,-140.3005034
237.52,4422,99.9,32.4,-141.5795963
237.56,4757,99.9,32.6,-151.3709348
237.6,4593,100,32.2,-147.9679017
237.64,4192,99.9,32.1,-135.4700163
237.68,4184,100,31.4,-138.2257546
237.72,4170,100,31.2,-138.6463378
237.76,4161,99.9,31.5,-137.0295096
237.8,4205,99.9,31.4,-138.9195263
237.84,4211,100,31.7,-137.801175
237.88,4176,100,32.2,-134.5338467
237.92,4218,99.9,32.6,-134.2195928
237.96,4320,100,32.6,-137.4653013
238,4340,100,32.3,-139.3843932
238.04,4301,99.8,32.5,-137.2818184
238.08,4315,100,32.8,-136.468965
238.12,4428,100,33,-139.1940316
238.16,4498,99.9,33,-141.3944793
238.2,4420,100,33.2,-138.1055486
238.24,4534,99.9,33.7,-139.5656545
238.28,4598,99.9,34.4,-138.6556164
238.32,4592,99.9,34.9,-136.4908046
238.36,4754,99.9,34.7,-142.120473
238.4,4747,99.9,35.2,-139.8954243
238.44,4711,99.9,36.1,-135.3732464
238.48,4863,99.9,36.3,-138.9711291
238.52,4978,100,36.1,-143.0456423
238.56,4936,100,36.5,-140.2843513
238.6,4921,99.9,36.9,-138.3419651
238.64,5181,100,37.6,-142.9396416
238.68,5468,99.9,38.5,-147.3311972
238.72,5382,99.9,38.7,-144.2645648
238.76,5233,100,39.3,-138.1290821
238.8,5256,100,39.6,-137.6851532
238.84,5442,99.9,39.5,-142.9184783
238.88,5356,99.9,40.6,-136.8489522
238.92,5403,99.9,41.3,-135.7100022
238.96,5537,99.9,41.4,-138.7398191
239,5585,100,41.3,-140.2813922
239.04,5647,99.9,42,-139.474701
239.08,5695,99.9,43,-137.3890797
239.12,5742,100,43.1,-138.2015327
239.16,5925,99.8,43.2,-142.2759681
239.2,6030,99.5,44.4,-140.8838735
239.24,6106,87.8,45.2,-140.1345769
239.28,6004,66.5,45.6,-136.5849294
239.32,6252,65.6,46.5,-139.4739042
239.36,6425,68.1,47.3,-140.9090649
239.4,6401,69.2,47.6,-139.497947
239.44,6352,69.8,48.1,-136.9911005
239.48,6522,70.6,49.1,-137.7927108
239.52,6602,67.2,49.1,-139.4829004
239.56,6649,56.7,49.8,-138.5013262
239.6,6739,45.1,50.6,-138.1566777
239.64,6768,27.3,50.6,-138.7512086
239.68,6731,21,51.2,-136.3755676
239.72,6834,20.5,52,-136.3322406
239.76,6898,20.4,51.9,-137.8741264
239.8,6868,19.6,52.4,-135.9646287
239.84,6878,15.7,52.8,-135.1310622
239.88,6866,8.1,51.9,-137.2345248
239.92,6721,2.3,52.4,-133.0544947
239.96,6575,0.9,52,-131.1654203
240,6382,0.8,51,-129.8116187
240.04,6167,0.8,50.8,-125.9323123
240.08,5971,0.7,50,-123.880802
240.12,6015,0.6,48.3,-129.1859974
240.16,6201,0.5,47.3,-135.9964376
240.2,5940,0.6,46.6,-132.2292303
240.24,5667,0.5,45,-130.6374337
240.28,5390,0.6,44,-127.075852
240.32,5112,0.5,42.9,-123.6119605
240.36,4814,0.6,41.7,-119.7559148
240.4,4526,0.8,40.3,-116.502822
240.44,4244,0.9,39.4,-111.7393383
240.48,4019,0.9,38.4,-108.5709714
240.52,3797,1,37.1,-106.1679983
240.56,3583,1.2,36.2,-102.6751106
240.6,3428,1.1,35,-101.6014043
240.64,3332,1.2,33.9,-101.9605656
240.68,3209,1.3,32.9,-101.1814178
240.72,3026,2.2,31.5,-99.65183758
240.76,2896,2.4,30.7,-97.85592435
240.8,2798,2.5,29.6,-98.0579796
240.84,2824,2.6,28.6,-102.4296293
240.88,2882,2.5,27.4,-109.111457
240.92,3505,2.7,26.2,-138.7757786
240.96,3715,2.9,25.1,-153.5366421
241,3798,3,24.5,-160.8110241
241.04,3780,3,23.5,-166.8594775
241.08,3897,3.2,22.7,-178.0867016
241.12,4082,3.2,22.1,-191.6053663
241.16,3919,3.2,21,-193.5899958
241.2,4019,3.4,19.9,-209.503784
241.24,3910,3.3,19.4,-209.0749343
241.28,3892,3.3,19.4,-208.112441
241.32,3901,3.4,19.4,-208.5936877
241.36,3827,3.4,19.1,-207.8509609
241.4,3812,3.3,18.7,-211.4648687
241.44,3784,3.4,18.6,-211.0401686
241.48,3780,3.4,18.1,-216.640758
241.52,3875,3.4,17.8,-225.8284461
241.56,3816,3.4,17.5,-226.2024263
241.6,3856,3.4,17.3,-231.2159894
241.64,3766,3.4,17.3,-225.8193506
241.68,3733,3.4,16.7,-231.8827597
241.72,3770,3.4,16.1,-242.9083342
241.76,3731,3.3,15.4,-251.3225571
241.8,3661,3.4,14.9,-254.8827253
241.84,3679,3.4,14.5,-263.2017225
241.88,3709,3.5,13.8,-278.8076517
241.92,3638,3.4,13.4,-281.6338408
241.96,3678,3.4,12.8,-298.077158
242,3689,3.5,12.3,-311.1218305
242.04,3662,3.4,12.2,-311.3762263
242.08,3641,3.5,11.2,-337.2326365
242.12,3704,3.6,10.7,-359.0989555
242.16,3840,3.5,10.3,-386.741646
242.2,3777,3.5,10.1,-387.9292731
242.24,3905,3.6,9.9,-409.1784805
242.28,3982,3.6,9.8,-421.5044089
242.32,3869,3.7,9.6,-418.0752309
242.36,3917,3.7,9.4,-432.2675749
242.4,3948,3.9,9.4,-435.6886356
242.44,3836,4.1,9.2,-432.5314715
242.48,3890,4.3,9.1,-443.440291
242.52,3820,4.5,8.9,-445.2462782
242.56,3754,4.7,8.9,-437.5535414
242.6,3854,5.2,8.8,-454.3138532
242.64,3810,5.4,8.7,-454.289464
242.68,3957,5.6,8.7,-471.8171677
242.72,4004,5.8,8.5,-488.654705
242.76,3930,6.5,8.3,-491.1808198
242.8,3996,7.3,8.3,-499.429658
242.84,4088,8.9,8.1,-523.5435456
242.88,4241,10.1,8,-549.9272332
242.92,4246,11.1,7.9,-557.5448905
242.96,4404,11.4,7.9,-578.2919684
243,4596,11.6,7.7,-619.1790257
243.04,4799,11.7,7.5,-663.7681784
243.08,5048,11.2,7.4,-707.6435754
243.12,5507,1.9,7.2,-793.4316521
243.16,5740,0.7,7.1,-838.6494863
243.2,5581,0.5,6.9,-839.0539252
243.24,5317,0.5,6.8,-811.1192141
243.28,5043,0.5,6.6,-792.6326801
243.32,4781,0.5,6.4,-774.9357763
243.36,4499,0.5,6.2,-752.7508339
243.4,4284,0.5,5.9,-753.2244208
243.44,3998,0.5,5.6,-740.5965838
243.48,3856,0.6,5.4,-740.7475215
243.52,3833,0.5,5.2,-764.6495147
243.56,3667,0.7,5.2,-731.5339866
243.6,3503,1,4.9,-741.6021819
243.64,3346,4.3,4.9,-708.3645163
243.68,3294,8.2,4.9,-697.3558628
243.72,3340,9.7,4.5,-769.9471126
243.76,3454,9.9,4.4,-814.322807
243.8,3728,10.7,4.1,-943.2330043
243.84,4083,11.8,3.9,-1086.029731
243.88,4204,12.2,3.9,-1118.2143
243.92,4467,12.1,3.8,-1219.436801
243.96,4799,11.5,3.6,-1382.850372
244,5056,4.5,3.6,-1456.905914
244.04,5200,1.2,3.5,-1541.2115
244.08,5132,1,3.4,-1565.794172
244.12,5004,0.9,3.4,-1526.740849
244.16,4784,1,3.2,-1550.844072
244.2,4529,0.8,3.2,-1468.179933
244.24,4314,0.9,3.2,-1398.482719
244.28,4021,0.9,3.2,-1303.500003
244.32,3894,0.9,3.1,-1303.050343
244.36,3819,0.9,3.1,-1277.953072
244.4,3706,1,3.1,-1240.139849
244.44,3532,1,2.9,-1263.425502
244.48,3421,1,2.9,-1223.719887
244.52,3295,1.1,2.7,-1265.955956
244.56,3266,1.1,2.7,-1254.814007
244.6,3107,1.6,2.7,-1193.725389
244.64,2925,2.9,2.5,-1213.704056
244.68,2893,3.4,2.5,-1200.425926
244.72,2997,3.6,2.5,-1243.579848
244.76,3297,4,2.3,-1487.024256
244.8,3493,5.7,2.3,-1575.424849
244.84,3691,8.1,2.3,-1664.727488
244.88,3740,9.5,2.3,-1686.827637
244.92,4103,10.1,2.3,-1850.549143
244.96,4345,11.3,2.1,-2146.334605
245,4342,12.4,2.1,-2144.852671
245.04,4308,12.9,2.1,-2128.057417
245.08,4405,13.4,2.1,-2175.973288
245.12,4568,13.9,2.1,-2256.491709
245.16,4747,14.1,1.9,-2591.746808
245.2,4911,14.1,1.9,-2681.286829
245.24,5341,14.1,1.9,-2916.056394
245.28,5692,14.3,1.9,-3107.693877
245.32,6247,14.7,1.9,-3410.710409
245.36,6426,15.2,1.7,-3921.19772
245.4,6479,15.5,1.7,-3953.538753
245.44,6618,15.5,1.7,-4038.357689
245.48,6688,13.9,1.7,-4081.072261
245.52,6697,12.3,1.7,-4086.564135
245.56,6697,11.9,1.5,-4631.439353
245.6,6650,11.9,1.5,-4598.935598
245.64,6571,11.8,1.5,-4544.301626
245.68,6538,12.1,1.5,-4521.47984
245.72,6431,12.2,1.5,-4447.481929
245.76,6392,12.3,1.4,-4736.261494
245.8,6362,12.6,1.4,-4714.032482
245.84,6289,13.1,1.4,-4659.941886
245.88,6292,13.6,1.4,-4662.164787
245.92,6292,14,1.2,-5439.192252
245.96,6266,14.1,1.2,-5416.716251
246,6250,14.3,1.2,-5402.884866
246.04,6233,14.6,1.2,-5388.189019
246.08,6140,14.7,1.2,-5307.794092
246.12,6056,14.8,1.2,-5235.179319
246.16,5988,15,1.3,-4778.21163
246.2,5740,14.9,1.3,-4580.316425
246.24,5305,15,1.5,-3668.774939
246.28,4963,15,1.5,-3432.258251
246.32,4969,15,1.7,-3032.124412
246.36,4938,15,1.7,-3013.207959
246.4,4945,15,2,-2564.857503
246.44,5006,15,2,-2596.496797
246.48,5162,15.1,2.3,-2328.182957
246.52,5384,14.9,2.3,-2428.310159
246.56,5563,15.1,2.6,-2219.538351
246.6,5760,15.1,2.9,-2060.399459
246.64,6288,14.7,2.9,-2249.269409
246.68,6736,10.3,3.2,-2183.629947
246.72,7026,4.9,3.3,-2208.620746
246.76,6942,3.3,3.3,-2182.215374
246.8,6764,2.9,3.4,-2063.724041
246.84,6552,1.7,3.4,-1999.041975
246.88,6287,1.1,3.2,-2038.076229
246.92,6055,0.7,3.2,-1962.868072
246.96,5722,0.7,3.2,-1854.918432
247,5435,0.6,3.2,-1761.880755
247.04,5144,0.7,3.1,-1721.338204
247.08,4858,0.7,2.7,-1866.468599
247.12,4578,0.7,2.7,-1758.891158
247.16,4281,0.7,2.7,-1644.78223
247.2,4057,0.7,2.7,-1558.720277
247.24,3833,0.5,2.4,-1656.740615
247.28,3705,0.6,0.1,-38433.96178
247.32,3543,0.6,0,#DIV/0!
